"","Year","district","flat_type","avg_price_per_sqm"
"1",1990,"D1","2-RM",597.208370253532
"2",1990,"D1","3-RM",927.117787029936
"3",1990,"D1","4-RM",1230.05988782861
"4",1990,"D1","5-RM",1585.7932589094
"5",1990,"D10","3-RM",594.817045867356
"6",1990,"D10","4-RM",887.68778038441
"7",1990,"D10","5-RM",1224.62833914053
"8",1990,"D12","2-RM",415.516447368421
"9",1990,"D12","3-RM",617.252683923239
"10",1990,"D12","4-RM",969.292436730046
"11",1990,"D12","5-RM",1175.21872629912
"12",1990,"D12","EXEC",1442.51550109247
"13",1990,"D14","2-RM",398.139599648079
"14",1990,"D14","3-RM",649.267892443147
"15",1990,"D14","4-RM",1037.08324311564
"16",1990,"D14","5-RM",1258.68921318559
"17",1990,"D14","EXEC",1474.03470922795
"18",1990,"D16","2-RM",579.985788113695
"19",1990,"D16","3-RM",621.396400623432
"20",1990,"D16","4-RM",830.513792038646
"21",1990,"D16","5-RM",1068.59729809662
"22",1990,"D16","EXEC",1346.73991749671
"23",1990,"D18","3-RM",702.047898241115
"24",1990,"D18","4-RM",827.387148889527
"25",1990,"D18","5-RM",1019.39408482812
"26",1990,"D18","EXEC",1170.00996909739
"27",1990,"D19","3-RM",642.252753478938
"28",1990,"D19","4-RM",844.481249455248
"29",1990,"D19","5-RM",1032.2601529584
"30",1990,"D19","EXEC",1297.4278714449
"31",1990,"D20","1-RM",250.672043010753
"32",1990,"D20","2-RM",557.962962962963
"33",1990,"D20","3-RM",653.570555597628
"34",1990,"D20","4-RM",840.529658515527
"35",1990,"D20","5-RM",1122.30460126721
"36",1990,"D20","EXEC",1548.19736305495
"37",1990,"D22","2-RM",294.736842105263
"38",1990,"D22","3-RM",512.488777113776
"39",1990,"D22","4-RM",799.87868065598
"40",1990,"D22","5-RM",955.475671827126
"41",1990,"D22","EXEC",1158.00948270067
"42",1990,"D23","3-RM",671.856214844212
"43",1990,"D23","4-RM",810.852635240966
"44",1990,"D23","5-RM",994.864891289052
"45",1990,"D23","EXEC",1174.34054748421
"46",1990,"D24","3-RM",345.762711864407
"47",1990,"D24","4-RM",471.084337349398
"48",1990,"D25","3-RM",449.316196005105
"49",1990,"D25","4-RM",641.152498031127
"50",1990,"D25","5-RM",716.46633047329
"51",1990,"D27","3-RM",592.816591309626
"52",1990,"D27","4-RM",713.456451599632
"53",1990,"D27","5-RM",902.949227201796
"54",1990,"D27","EXEC",1092.96485608622
"55",1990,"D3","1-RM",270.30343238519
"56",1990,"D3","2-RM",374.591574349505
"57",1990,"D3","3-RM",606.397763090473
"58",1990,"D3","4-RM",1032.12728767957
"59",1990,"D3","5-RM",1282.94717710178
"60",1990,"D5","3-RM",688.249512072255
"61",1990,"D5","4-RM",881.727687862577
"62",1990,"D5","5-RM",1157.80476548558
"63",1990,"D5","EXEC",1323.21102651397
"64",1991,"D1","2-RM",627.637346251749
"65",1991,"D1","3-RM",929.626612611874
"66",1991,"D1","4-RM",1254.25871773942
"67",1991,"D1","5-RM",1622.53294720768
"68",1991,"D10","3-RM",659.236822508838
"69",1991,"D10","4-RM",983.109025805655
"70",1991,"D10","5-RM",1308.9918699187
"71",1991,"D12","2-RM",429.794238683128
"72",1991,"D12","3-RM",656.68434848783
"73",1991,"D12","4-RM",976.998934645402
"74",1991,"D12","5-RM",1222.88202636268
"75",1991,"D12","EXEC",1465.95149133343
"76",1991,"D14","2-RM",426.834507507824
"77",1991,"D14","3-RM",669.57216870494
"78",1991,"D14","4-RM",1042.63377910034
"79",1991,"D14","5-RM",1284.20461768008
"80",1991,"D14","EXEC",1492.79046794743
"81",1991,"D16","2-RM",569.117185633943
"82",1991,"D16","3-RM",639.10561672721
"83",1991,"D16","4-RM",857.131371199469
"84",1991,"D16","5-RM",1138.69791728314
"85",1991,"D16","EXEC",1344.39139805781
"86",1991,"D18","3-RM",714.901344642911
"87",1991,"D18","4-RM",847.814837847952
"88",1991,"D18","5-RM",1020.64168615246
"89",1991,"D18","EXEC",1261.8164067314
"90",1991,"D19","3-RM",648.20987551914
"91",1991,"D19","4-RM",841.093753341401
"92",1991,"D19","5-RM",1054.75339001764
"93",1991,"D19","EXEC",1248.80002506134
"94",1991,"D20","1-RM",237.935483870968
"95",1991,"D20","2-RM",606
"96",1991,"D20","3-RM",660.11264398313
"97",1991,"D20","4-RM",895.168198090033
"98",1991,"D20","5-RM",1258.77180768383
"99",1991,"D20","EXEC",1639.01564442055
"100",1991,"D22","3-RM",550.174491426591
"101",1991,"D22","4-RM",802.12022664847
"102",1991,"D22","5-RM",984.933059831967
"103",1991,"D22","EXEC",1164.12153445452
"104",1991,"D23","3-RM",673.529022955468
"105",1991,"D23","4-RM",811.11936277976
"106",1991,"D23","5-RM",1021.33437260858
"107",1991,"D23","EXEC",1236.49172342696
"108",1991,"D24","3-RM",434.202698028364
"109",1991,"D24","4-RM",469.606890766529
"110",1991,"D25","3-RM",495.763290535414
"111",1991,"D25","4-RM",622.928004524976
"112",1991,"D25","5-RM",748.177291791734
"113",1991,"D27","3-RM",609.762910589888
"114",1991,"D27","4-RM",735.112149139708
"115",1991,"D27","5-RM",943.227106808437
"116",1991,"D27","EXEC",1128.34731516743
"117",1991,"D3","1-RM",305.081174850363
"118",1991,"D3","2-RM",395.506324439899
"119",1991,"D3","3-RM",638.520422248689
"120",1991,"D3","4-RM",1066.20296165953
"121",1991,"D3","5-RM",1349.61626166229
"122",1991,"D5","3-RM",696.302247984481
"123",1991,"D5","4-RM",904.69184749363
"124",1991,"D5","5-RM",1212.33945698334
"125",1991,"D5","EXEC",1492.36342746245
"126",1992,"D1","2-RM",678.678676793293
"127",1992,"D1","3-RM",1063.50217189079
"128",1992,"D1","4-RM",1353.54450247687
"129",1992,"D10","3-RM",884.698059480379
"130",1992,"D10","4-RM",1129.85142198625
"131",1992,"D10","5-RM",1525.74525745257
"132",1992,"D10","EXEC",2112.67605633803
"133",1992,"D12","2-RM",475.990172189734
"134",1992,"D12","3-RM",708.052050041567
"135",1992,"D12","4-RM",1095.5343699889
"136",1992,"D12","5-RM",1373.64451159148
"137",1992,"D12","EXEC",1644.99377511493
"138",1992,"D14","2-RM",489.817943842428
"139",1992,"D14","3-RM",726.31921238522
"140",1992,"D14","4-RM",1188.82561425207
"141",1992,"D14","5-RM",1458.62096637369
"142",1992,"D14","EXEC",1671.1489542692
"143",1992,"D16","2-RM",618.058164442248
"144",1992,"D16","3-RM",709.308885413929
"145",1992,"D16","4-RM",932.987460709484
"146",1992,"D16","5-RM",1214.48839664048
"147",1992,"D16","EXEC",1447.43185653673
"148",1992,"D18","3-RM",751.805364060046
"149",1992,"D18","4-RM",940.735901463162
"150",1992,"D18","5-RM",1157.54972156431
"151",1992,"D18","EXEC",1394.84857739624
"152",1992,"D19","3-RM",693.863871627147
"153",1992,"D19","4-RM",903.376940889077
"154",1992,"D19","5-RM",1158.95880158663
"155",1992,"D19","EXEC",1424.07661041365
"156",1992,"D20","1-RM",323.387096774194
"157",1992,"D20","2-RM",611.111111111111
"158",1992,"D20","3-RM",705.628286574491
"159",1992,"D20","4-RM",1035.15973459322
"160",1992,"D20","5-RM",1517.65922734923
"161",1992,"D20","EXEC",1821.81609476212
"162",1992,"D22","3-RM",566.855931485124
"163",1992,"D22","4-RM",883.257639791924
"164",1992,"D22","5-RM",1074.26083925406
"165",1992,"D22","EXEC",1297.892636845
"166",1992,"D23","3-RM",712.92176848052
"167",1992,"D23","4-RM",891.624494554817
"168",1992,"D23","5-RM",1170.95555322459
"169",1992,"D23","EXEC",1353.74785632971
"170",1992,"D24","3-RM",409.830508474576
"171",1992,"D24","4-RM",421.686746987952
"172",1992,"D25","3-RM",503.798924034454
"173",1992,"D25","4-RM",679.633756061391
"174",1992,"D25","5-RM",837.470031699616
"175",1992,"D25","EXEC",1228.16493518433
"176",1992,"D27","3-RM",669.84235507558
"177",1992,"D27","4-RM",796.916706962984
"178",1992,"D27","5-RM",1056.24076095174
"179",1992,"D27","EXEC",1328.67374424552
"180",1992,"D3","1-RM",323.343719533931
"181",1992,"D3","2-RM",425.029231890712
"182",1992,"D3","3-RM",706.388299721186
"183",1992,"D3","4-RM",1217.70958511545
"184",1992,"D3","5-RM",1523.56415673032
"185",1992,"D5","3-RM",743.907696607371
"186",1992,"D5","4-RM",1038.10048828208
"187",1992,"D5","5-RM",1388.15278539013
"188",1992,"D5","EXEC",1528.68345432965
"189",1993,"D1","2-RM",982.222676580581
"190",1993,"D1","3-RM",1412.95785319811
"191",1993,"D1","4-RM",2011.455706658
"192",1993,"D1","5-RM",2284.97202238209
"193",1993,"D10","3-RM",1161.95251746619
"194",1993,"D10","4-RM",1604.54971558856
"195",1993,"D10","5-RM",2031.88740827199
"196",1993,"D10","EXEC",2482.23971900246
"197",1993,"D12","2-RM",860.328562634657
"198",1993,"D12","3-RM",1068.11212994219
"199",1993,"D12","4-RM",1544.64546697226
"200",1993,"D12","5-RM",1995.40825795131
"201",1993,"D12","EXEC",2107.87795886101
"202",1993,"D14","2-RM",729.86223514906
"203",1993,"D14","3-RM",1052.8102717389
"204",1993,"D14","4-RM",1549.87770944923
"205",1993,"D14","5-RM",1977.57849950909
"206",1993,"D14","EXEC",2132.41895871051
"207",1993,"D16","2-RM",884.121092637728
"208",1993,"D16","3-RM",1050.71769863111
"209",1993,"D16","4-RM",1405.66877880817
"210",1993,"D16","5-RM",1889.79605743695
"211",1993,"D16","EXEC",2051.87409288795
"212",1993,"D18","3-RM",1043.31916253475
"213",1993,"D18","4-RM",1352.67270326098
"214",1993,"D18","5-RM",1728.05971754485
"215",1993,"D18","EXEC",2081.13355817438
"216",1993,"D19","3-RM",1011.77966424741
"217",1993,"D19","4-RM",1381.59813396291
"218",1993,"D19","5-RM",1751.78950715545
"219",1993,"D19","EXEC",2029.98069368947
"220",1993,"D20","1-RM",708.064516129032
"221",1993,"D20","2-RM",830.15873015873
"222",1993,"D20","3-RM",1084.35954549582
"223",1993,"D20","4-RM",1677.57670087631
"224",1993,"D20","5-RM",2188.84776303556
"225",1993,"D20","EXEC",2319.88759591829
"226",1993,"D22","3-RM",840.831069460378
"227",1993,"D22","4-RM",1300.40945688699
"228",1993,"D22","5-RM",1607.28550293824
"229",1993,"D22","EXEC",1734.27781528791
"230",1993,"D23","3-RM",1032.267156403
"231",1993,"D23","4-RM",1330.2724634272
"232",1993,"D23","5-RM",1680.05947003234
"233",1993,"D23","EXEC",1937.62507930105
"234",1993,"D24","4-RM",683.734939759036
"235",1993,"D25","3-RM",738.943725718183
"236",1993,"D25","4-RM",1041.58970994422
"237",1993,"D25","5-RM",1279.98887091001
"238",1993,"D25","EXEC",1715.27498387809
"239",1993,"D27","3-RM",1039.53463230921
"240",1993,"D27","4-RM",1327.80494103278
"241",1993,"D27","5-RM",1673.46484113696
"242",1993,"D27","EXEC",1961.04578494554
"243",1993,"D3","1-RM",554.611227138241
"244",1993,"D3","2-RM",729.591378704014
"245",1993,"D3","3-RM",1075.13767365331
"246",1993,"D3","4-RM",1714.52791033742
"247",1993,"D3","5-RM",2147.3435669751
"248",1993,"D5","3-RM",1119.12080794966
"249",1993,"D5","4-RM",1502.92363590217
"250",1993,"D5","5-RM",2054.1607341817
"251",1993,"D5","EXEC",2215.59970845719
"252",1994,"D1","2-RM",1241.90777236937
"253",1994,"D1","3-RM",1848.6952908158
"254",1994,"D1","4-RM",2477.55801221249
"255",1994,"D1","5-RM",2442.51217897098
"256",1994,"D10","3-RM",1607.90508136964
"257",1994,"D10","4-RM",2219.39695428583
"258",1994,"D10","5-RM",2695.18246522078
"259",1994,"D10","EXEC",2942.27059228909
"260",1994,"D12","2-RM",1177.32604458005
"261",1994,"D12","3-RM",1448.38744508529
"262",1994,"D12","4-RM",1987.75086826199
"263",1994,"D12","5-RM",2430.73515238709
"264",1994,"D12","EXEC",2626.8670302901
"265",1994,"D14","2-RM",947.348424836853
"266",1994,"D14","3-RM",1424.12563516278
"267",1994,"D14","4-RM",1959.57603782282
"268",1994,"D14","5-RM",2458.12259712648
"269",1994,"D14","EXEC",2671.59188438617
"270",1994,"D16","2-RM",1132.18990541953
"271",1994,"D16","3-RM",1403.62461024599
"272",1994,"D16","4-RM",1907.35860129939
"273",1994,"D16","5-RM",2396.54446609594
"274",1994,"D16","EXEC",2555.60557709538
"275",1994,"D18","3-RM",1383.68352016678
"276",1994,"D18","4-RM",1838.09054023787
"277",1994,"D18","5-RM",2243.86261440463
"278",1994,"D18","EXEC",2591.28795399057
"279",1994,"D19","3-RM",1343.38529956509
"280",1994,"D19","4-RM",1803.26351816167
"281",1994,"D19","5-RM",2231.18706878146
"282",1994,"D19","EXEC",2454.70819766565
"283",1994,"D20","1-RM",921.505376344086
"284",1994,"D20","2-RM",1077.77777777778
"285",1994,"D20","3-RM",1411.71294312986
"286",1994,"D20","4-RM",2070.66271369106
"287",1994,"D20","5-RM",2767.48813451779
"288",1994,"D20","EXEC",2854.82592364766
"289",1994,"D22","3-RM",1191.80794931876
"290",1994,"D22","4-RM",1641.33512436347
"291",1994,"D22","5-RM",2043.43957286103
"292",1994,"D22","EXEC",2227.77203618238
"293",1994,"D23","3-RM",1279.80332008417
"294",1994,"D23","4-RM",1682.16058684056
"295",1994,"D23","5-RM",2048.55707766996
"296",1994,"D23","EXEC",2387.59080327861
"297",1994,"D24","3-RM",810.704196933011
"298",1994,"D25","3-RM",1034.34885589453
"299",1994,"D25","4-RM",1389.44309435947
"300",1994,"D25","5-RM",1706.85553579009
"301",1994,"D25","EXEC",2096.16915556132
"302",1994,"D27","3-RM",1318.17361605377
"303",1994,"D27","4-RM",1703.21930252485
"304",1994,"D27","5-RM",2167.82672690797
"305",1994,"D27","EXEC",2468.78386469539
"306",1994,"D3","1-RM",775.12675753777
"307",1994,"D3","2-RM",958.023769410656
"308",1994,"D3","3-RM",1459.26490724262
"309",1994,"D3","4-RM",2203.54657739152
"310",1994,"D3","5-RM",2711.09954177815
"311",1994,"D3","EXEC",3746.47887323944
"312",1994,"D5","3-RM",1451.28349723848
"313",1994,"D5","4-RM",2032.58263687128
"314",1994,"D5","5-RM",2612.12590658618
"315",1994,"D5","EXEC",2731.51701167165
"316",1995,"D1","2-RM",1574.08298594918
"317",1995,"D1","3-RM",2273.45210124826
"318",1995,"D1","4-RM",3039.50089870404
"319",1995,"D1","5-RM",3157.42212203531
"320",1995,"D10","3-RM",1886.40660637777
"321",1995,"D10","4-RM",2685.86091283724
"322",1995,"D10","5-RM",3438.73655764931
"323",1995,"D10","EXEC",3726.33977133397
"324",1995,"D12","2-RM",1597.94609386715
"325",1995,"D12","3-RM",1869.35116580486
"326",1995,"D12","4-RM",2433.7927584537
"327",1995,"D12","5-RM",2921.77291201742
"328",1995,"D12","EXEC",3068.49893161154
"329",1995,"D14","2-RM",1287.33039626531
"330",1995,"D14","3-RM",1843.46988290222
"331",1995,"D14","4-RM",2443.69882728802
"332",1995,"D14","5-RM",2996.90666971834
"333",1995,"D14","EXEC",3086.70296320229
"334",1995,"D16","2-RM",1446.24075271134
"335",1995,"D16","3-RM",1820.45673987231
"336",1995,"D16","4-RM",2339.45443367151
"337",1995,"D16","5-RM",2888.68954264188
"338",1995,"D16","EXEC",3178.53524930127
"339",1995,"D18","3-RM",1800.60007881357
"340",1995,"D18","4-RM",2279.92126063046
"341",1995,"D18","5-RM",2744.21170380566
"342",1995,"D18","EXEC",3106.54011146169
"343",1995,"D19","3-RM",1713.76101532886
"344",1995,"D19","4-RM",2204.64245203552
"345",1995,"D19","5-RM",2699.05102380232
"346",1995,"D19","EXEC",2974.17007794433
"347",1995,"D20","1-RM",1421.57953281424
"348",1995,"D20","2-RM",1385.92592592593
"349",1995,"D20","3-RM",1820.3546937607
"350",1995,"D20","4-RM",2639.24039870939
"351",1995,"D20","5-RM",3332.8780950606
"352",1995,"D20","EXEC",3645.48633588455
"353",1995,"D22","3-RM",1517.85711708765
"354",1995,"D22","4-RM",1970.83715829753
"355",1995,"D22","5-RM",2405.44165401535
"356",1995,"D22","EXEC",2657.71691431267
"357",1995,"D23","3-RM",1598.19996862494
"358",1995,"D23","4-RM",2012.8748532683
"359",1995,"D23","5-RM",2440.43739770725
"360",1995,"D23","EXEC",2794.54148832536
"361",1995,"D24","3-RM",987.28813559322
"362",1995,"D24","4-RM",1174.69879518072
"363",1995,"D25","2-RM",1011.11111111111
"364",1995,"D25","3-RM",1371.63909047853
"365",1995,"D25","4-RM",1714.16378591311
"366",1995,"D25","5-RM",2180.95935369408
"367",1995,"D25","EXEC",2510.14926595198
"368",1995,"D27","3-RM",1686.9071968037
"369",1995,"D27","4-RM",2083.02766112009
"370",1995,"D27","5-RM",2618.49916847868
"371",1995,"D27","EXEC",2942.86608167157
"372",1995,"D3","1-RM",1126.15127919911
"373",1995,"D3","2-RM",1238.96093375846
"374",1995,"D3","3-RM",1854.76858590864
"375",1995,"D3","4-RM",2675.45426427195
"376",1995,"D3","5-RM",3245.53224899709
"377",1995,"D5","3-RM",1855.92573336033
"378",1995,"D5","4-RM",2534.74773683863
"379",1995,"D5","5-RM",3100.43086419739
"380",1995,"D5","EXEC",3332.47946922315
"381",1996,"D1","2-RM",2001.12215493827
"382",1996,"D1","3-RM",3049.57772203558
"383",1996,"D1","4-RM",3699.70040145667
"384",1996,"D1","5-RM",3610.01646160063
"385",1996,"D10","3-RM",2651.20603164161
"386",1996,"D10","4-RM",3648.95936036151
"387",1996,"D10","5-RM",4250.91959394403
"388",1996,"D10","EXEC",4501.5674322004
"389",1996,"D12","2-RM",2284.37645708697
"390",1996,"D12","3-RM",2626.55300924022
"391",1996,"D12","4-RM",3216.09444601461
"392",1996,"D12","5-RM",3685.99382003169
"393",1996,"D12","EXEC",4040.34407376348
"394",1996,"D14","2-RM",1866.60029305624
"395",1996,"D14","3-RM",2574.91829422766
"396",1996,"D14","4-RM",3222.25672376625
"397",1996,"D14","5-RM",3736.84339409638
"398",1996,"D14","EXEC",3864.5216807588
"399",1996,"D16","2-RM",2100.76085345146
"400",1996,"D16","3-RM",2619.23885610527
"401",1996,"D16","4-RM",3169.64806178062
"402",1996,"D16","5-RM",3721.34341368481
"403",1996,"D16","EXEC",3803.0564399916
"404",1996,"D18","3-RM",2644.0457110797
"405",1996,"D18","4-RM",3202.30005216359
"406",1996,"D18","5-RM",3617.33057306865
"407",1996,"D18","EXEC",4061.98115701064
"408",1996,"D19","3-RM",2496.70046431198
"409",1996,"D19","4-RM",2950.18645403951
"410",1996,"D19","5-RM",3451.41699522634
"411",1996,"D19","EXEC",3827.15733663274
"412",1996,"D20","1-RM",2525.36151279199
"413",1996,"D20","2-RM",2179.71014492754
"414",1996,"D20","3-RM",2640.78444711522
"415",1996,"D20","4-RM",3551.28232026647
"416",1996,"D20","5-RM",4119.96141983152
"417",1996,"D20","EXEC",4443.27956307652
"418",1996,"D22","3-RM",2208.2895202145
"419",1996,"D22","4-RM",2689.44034634148
"420",1996,"D22","5-RM",3088.3462836465
"421",1996,"D22","EXEC",3367.10546766323
"422",1996,"D23","3-RM",2302.03239682699
"423",1996,"D23","4-RM",2758.16935477216
"424",1996,"D23","5-RM",3187.2097876577
"425",1996,"D23","EXEC",3610.73784008733
"426",1996,"D24","3-RM",1393.48448162007
"427",1996,"D24","4-RM",1608.43373493976
"428",1996,"D25","3-RM",2050.13663430259
"429",1996,"D25","4-RM",2529.21082662914
"430",1996,"D25","5-RM",2894.35021753925
"431",1996,"D25","EXEC",3677.58876219986
"432",1996,"D27","3-RM",2393.47997637112
"433",1996,"D27","4-RM",2804.25254401682
"434",1996,"D27","5-RM",3359.40866844964
"435",1996,"D27","EXEC",3737.94306054363
"436",1996,"D3","1-RM",1679.78578981545
"437",1996,"D3","2-RM",1843.1340331632
"438",1996,"D3","3-RM",2636.13983245886
"439",1996,"D3","4-RM",3519.87592489607
"440",1996,"D3","5-RM",4116.02321020416
"441",1996,"D3","EXEC",4788.7323943662
"442",1996,"D5","3-RM",2661.11215590569
"443",1996,"D5","4-RM",3419.16702405503
"444",1996,"D5","5-RM",3979.61770392401
"445",1996,"D5","EXEC",3988.7552208715
"446",1997,"D1","2-RM",2491.3429300428
"447",1997,"D1","3-RM",3420.58616989537
"448",1997,"D1","4-RM",4046.87290546946
"449",1997,"D1","5-RM",3897.85997289125
"450",1997,"D10","3-RM",2975.65979983743
"451",1997,"D10","4-RM",3671.00562480997
"452",1997,"D10","5-RM",4267.7709919969
"453",1997,"D10","EXEC",4416.0566464354
"454",1997,"D12","2-RM",2911.15288220551
"455",1997,"D12","3-RM",3024.0436428717
"456",1997,"D12","4-RM",3337.10062766204
"457",1997,"D12","5-RM",3694.88977651285
"458",1997,"D12","EXEC",3919.63438812279
"459",1997,"D14","2-RM",2352.58629057282
"460",1997,"D14","3-RM",2931.7200272694
"461",1997,"D14","4-RM",3377.48076872768
"462",1997,"D14","5-RM",3810.62448084339
"463",1997,"D14","EXEC",3801.81443434768
"464",1997,"D16","2-RM",2677.40258325552
"465",1997,"D16","3-RM",2990.0708924347
"466",1997,"D16","4-RM",3310.97739755394
"467",1997,"D16","5-RM",3763.18372486068
"468",1997,"D16","EXEC",3906.83218788601
"469",1997,"D18","3-RM",2938.78277233443
"470",1997,"D18","4-RM",3299.10508692383
"471",1997,"D18","5-RM",3575.11499521922
"472",1997,"D18","EXEC",4010.21402840908
"473",1997,"D19","3-RM",2753.01441707556
"474",1997,"D19","4-RM",3095.94488683633
"475",1997,"D19","5-RM",3497.82455616851
"476",1997,"D19","EXEC",3808.18588181031
"477",1997,"D20","1-RM",3579.79626485569
"478",1997,"D20","2-RM",2588.51851851852
"479",1997,"D20","3-RM",2987.54502551893
"480",1997,"D20","4-RM",3630.71407471458
"481",1997,"D20","5-RM",4097.8561577081
"482",1997,"D20","EXEC",4357.5208042265
"483",1997,"D22","3-RM",2420.32237229441
"484",1997,"D22","4-RM",2775.5647827432
"485",1997,"D22","5-RM",3134.44047522814
"486",1997,"D22","EXEC",3375.86810174609
"487",1997,"D23","3-RM",2540.43967823305
"488",1997,"D23","4-RM",2868.29145882294
"489",1997,"D23","5-RM",3234.88933688202
"490",1997,"D23","EXEC",3595.07333146536
"491",1997,"D24","3-RM",1416.18240516546
"492",1997,"D24","4-RM",1807.22891566265
"493",1997,"D25","3-RM",2304.10879985355
"494",1997,"D25","4-RM",2670.51955493712
"495",1997,"D25","5-RM",2914.9750798574
"496",1997,"D25","EXEC",3431.93530422125
"497",1997,"D27","3-RM",2695.95203823182
"498",1997,"D27","4-RM",2903.99971014486
"499",1997,"D27","5-RM",3325.9795980226
"500",1997,"D27","EXEC",3665.84336477367
"501",1997,"D3","1-RM",2151.41725316916
"502",1997,"D3","2-RM",2292.49122943507
"503",1997,"D3","3-RM",3052.67152284248
"504",1997,"D3","4-RM",3760.29198170027
"505",1997,"D3","5-RM",4186.3220342494
"506",1997,"D3","EXEC",3948.6301369863
"507",1997,"D5","3-RM",2971.75248253275
"508",1997,"D5","4-RM",3483.92533262646
"509",1997,"D5","5-RM",3996.43915309083
"510",1997,"D5","EXEC",4077.35175093269
"511",1998,"D1","2-RM",2042.59755871535
"512",1998,"D1","3-RM",2832.62603540702
"513",1998,"D1","4-RM",3352.2096126853
"514",1998,"D1","5-RM",3173.21850019322
"515",1998,"D10","3-RM",2377.42269490007
"516",1998,"D10","4-RM",3073.43648917452
"517",1998,"D10","5-RM",3572.50301963001
"518",1998,"D10","EXEC",3752.09949939645
"519",1998,"D12","2-RM",2137.29613385315
"520",1998,"D12","3-RM",2376.59775551913
"521",1998,"D12","4-RM",2803.62291348579
"522",1998,"D12","5-RM",3239.87369710828
"523",1998,"D12","EXEC",3518.73128678385
"524",1998,"D14","2-RM",1782.30690975949
"525",1998,"D14","3-RM",2356.72608420136
"526",1998,"D14","4-RM",2843.86985963226
"527",1998,"D14","5-RM",3270.68100474271
"528",1998,"D14","EXEC",3368.10376456408
"529",1998,"D16","2-RM",2050.42785890271
"530",1998,"D16","3-RM",2359.07855523516
"531",1998,"D16","4-RM",2735.50977834022
"532",1998,"D16","5-RM",3132.08819536786
"533",1998,"D16","EXEC",3437.80857508986
"534",1998,"D18","2-RM",2272.72727272727
"535",1998,"D18","3-RM",2398.95554666351
"536",1998,"D18","4-RM",2759.05096992657
"537",1998,"D18","5-RM",3015.7500273535
"538",1998,"D18","EXEC",3334.50178827601
"539",1998,"D19","3-RM",2181.12928511494
"540",1998,"D19","4-RM",2578.00543856037
"541",1998,"D19","5-RM",2977.44742158201
"542",1998,"D19","EXEC",3264.66640096767
"543",1998,"D20","1-RM",2050.69124423963
"544",1998,"D20","2-RM",2247.71241830065
"545",1998,"D20","3-RM",2354.83296925324
"546",1998,"D20","4-RM",3020.77566267231
"547",1998,"D20","5-RM",3533.0202373967
"548",1998,"D20","EXEC",3776.53037221475
"549",1998,"D22","3-RM",1973.97407711017
"550",1998,"D22","4-RM",2319.67664856877
"551",1998,"D22","5-RM",2587.5227452082
"552",1998,"D22","EXEC",2831.93248188261
"553",1998,"D23","3-RM",2013.29648407264
"554",1998,"D23","4-RM",2381.03743812869
"555",1998,"D23","5-RM",2793.09874351358
"556",1998,"D23","EXEC",3111.06138232637
"557",1998,"D24","3-RM",1236.85927067283
"558",1998,"D24","4-RM",1204.81927710843
"559",1998,"D25","2-RM",1766.66666666667
"560",1998,"D25","3-RM",1827.56701857896
"561",1998,"D25","4-RM",2175.53373610316
"562",1998,"D25","5-RM",2500.75515373543
"563",1998,"D25","EXEC",2713.49981144931
"564",1998,"D27","3-RM",2122.11131515107
"565",1998,"D27","4-RM",2386.12930366237
"566",1998,"D27","5-RM",2821.94513848479
"567",1998,"D27","EXEC",3106.93502811061
"568",1998,"D3","1-RM",1581.61193454785
"569",1998,"D3","2-RM",1713.2737980305
"570",1998,"D3","3-RM",2423.49498481581
"571",1998,"D3","4-RM",3194.14549797134
"572",1998,"D3","5-RM",3649.43889362854
"573",1998,"D3","EXEC",3312.00176756518
"574",1998,"D5","3-RM",2378.28699317018
"575",1998,"D5","4-RM",2917.96564415098
"576",1998,"D5","5-RM",3341.89033988887
"577",1998,"D5","EXEC",3425.65371190769
"578",1999,"D1","2-RM",1883.59635155277
"579",1999,"D1","3-RM",2629.15914640069
"580",1999,"D1","4-RM",3122.23624988812
"581",1999,"D1","5-RM",3074.57650517611
"582",1999,"D10","3-RM",2248.2607717461
"583",1999,"D10","4-RM",2906.34343789497
"584",1999,"D10","5-RM",3376.3981405275
"585",1999,"D10","EXEC",3300.30651421552
"586",1999,"D12","2-RM",2232.83564814815
"587",1999,"D12","3-RM",2334.15921718714
"588",1999,"D12","4-RM",2656.95859222769
"589",1999,"D12","5-RM",3100.48532826507
"590",1999,"D12","EXEC",3172.40534191756
"591",1999,"D14","2-RM",1648.86278016941
"592",1999,"D14","3-RM",2152.17362925552
"593",1999,"D14","4-RM",2692.02421995727
"594",1999,"D14","5-RM",3047.68398029114
"595",1999,"D14","EXEC",3132.26296003271
"596",1999,"D16","2-RM",2081.35009942962
"597",1999,"D16","3-RM",2225.28195026499
"598",1999,"D16","4-RM",2586.88022102705
"599",1999,"D16","5-RM",2972.45581909193
"600",1999,"D16","EXEC",3246.74128469539
"601",1999,"D18","2-RM",2310.84639498433
"602",1999,"D18","3-RM",2338.61281117212
"603",1999,"D18","4-RM",2637.198752695
"604",1999,"D18","5-RM",2881.45613718554
"605",1999,"D18","EXEC",3122.35944530978
"606",1999,"D19","3-RM",2080.46787082138
"607",1999,"D19","4-RM",2473.73705069244
"608",1999,"D19","5-RM",2843.20508731089
"609",1999,"D19","EXEC",3040.8938092166
"610",1999,"D20","1-RM",2056.86167304538
"611",1999,"D20","2-RM",1978.67724867725
"612",1999,"D20","3-RM",2224.09388451303
"613",1999,"D20","4-RM",2844.82116829385
"614",1999,"D20","5-RM",3302.3288017964
"615",1999,"D20","EXEC",3568.24927981885
"616",1999,"D22","2-RM",1307.01754385965
"617",1999,"D22","3-RM",1788.04279986195
"618",1999,"D22","4-RM",2127.3544003224
"619",1999,"D22","5-RM",2395.24257248135
"620",1999,"D22","EXEC",2628.764727393
"621",1999,"D23","3-RM",1888.29606538039
"622",1999,"D23","4-RM",2291.803724587
"623",1999,"D23","5-RM",2679.71127146247
"624",1999,"D23","EXEC",2903.47890370004
"625",1999,"D25","2-RM",1666.66666666667
"626",1999,"D25","3-RM",1666.65084853943
"627",1999,"D25","4-RM",2150.02190569364
"628",1999,"D25","5-RM",2442.78784040438
"629",1999,"D25","EXEC",2490.23321970189
"630",1999,"D27","3-RM",1999.73976978251
"631",1999,"D27","4-RM",2259.00953408455
"632",1999,"D27","5-RM",2645.98546205639
"633",1999,"D27","EXEC",2841.41530553264
"634",1999,"D3","1-RM",1379.11925949468
"635",1999,"D3","2-RM",1605.08386185331
"636",1999,"D3","3-RM",2237.93428982596
"637",1999,"D3","4-RM",3043.76899174082
"638",1999,"D3","5-RM",3556.10512639253
"639",1999,"D3","EXEC",3968.51330087864
"640",1999,"D5","3-RM",2240.39389388315
"641",1999,"D5","4-RM",2751.76951738379
"642",1999,"D5","5-RM",3185.91730825907
"643",1999,"D5","EXEC",3141.08071051094
"644",2000,"D1","2-RM",1758.05901081663
"645",2000,"D1","3-RM",2853.47033687657
"646",2000,"D1","4-RM",3325.12150447774
"647",2000,"D1","5-RM",3066.27581922659
"648",2000,"D1","EXEC",2883.43558282209
"649",2000,"D10","3-RM",2560.58812023229
"650",2000,"D10","4-RM",3230.64742136171
"651",2000,"D10","5-RM",3631.28361628003
"652",2000,"D10","EXEC",3678.4808755675
"653",2000,"D12","2-RM",2402.09108630161
"654",2000,"D12","3-RM",2447.65201403041
"655",2000,"D12","4-RM",2881.90691172637
"656",2000,"D12","5-RM",3444.27164054479
"657",2000,"D12","EXEC",3429.52167043534
"658",2000,"D14","2-RM",1830.45821848892
"659",2000,"D14","3-RM",2314.19215301402
"660",2000,"D14","4-RM",2817.52616720237
"661",2000,"D14","5-RM",3237.82772659297
"662",2000,"D14","EXEC",3364.12083623398
"663",2000,"D16","2-RM",2398.46421327152
"664",2000,"D16","3-RM",2435.03225412314
"665",2000,"D16","4-RM",2757.10531711778
"666",2000,"D16","5-RM",3188.038042142
"667",2000,"D16","EXEC",3537.34066613124
"668",2000,"D18","2-RM",2454.54545454545
"669",2000,"D18","3-RM",2572.68506440792
"670",2000,"D18","4-RM",2775.03186053195
"671",2000,"D18","5-RM",3073.13903327375
"672",2000,"D18","EXEC",3453.24216750604
"673",2000,"D19","3-RM",2206.93155231954
"674",2000,"D19","4-RM",2604.10384271854
"675",2000,"D19","5-RM",3049.14232424642
"676",2000,"D19","EXEC",3374.01329414516
"677",2000,"D20","2-RM",2311.49831649832
"678",2000,"D20","3-RM",2376.53943343474
"679",2000,"D20","4-RM",2967.38778437113
"680",2000,"D20","5-RM",3466.15915037457
"681",2000,"D20","EXEC",3632.36667290332
"682",2000,"D22","2-RM",1405.23182957393
"683",2000,"D22","3-RM",2012.90057802104
"684",2000,"D22","4-RM",2213.57016976724
"685",2000,"D22","5-RM",2535.51815373057
"686",2000,"D22","EXEC",2906.03358458158
"687",2000,"D23","3-RM",2025.95177257866
"688",2000,"D23","4-RM",2405.1825489644
"689",2000,"D23","5-RM",2872.09782763051
"690",2000,"D23","EXEC",3126.77633243226
"691",2000,"D25","3-RM",1809.49192784914
"692",2000,"D25","4-RM",2255.36116165999
"693",2000,"D25","5-RM",2533.18751008583
"694",2000,"D25","EXEC",2740.56532212344
"695",2000,"D27","3-RM",2129.23340503309
"696",2000,"D27","4-RM",2330.39834702571
"697",2000,"D27","5-RM",2712.2670121158
"698",2000,"D27","EXEC",2914.47440529105
"699",2000,"D3","1-RM",1617.88495153345
"700",2000,"D3","2-RM",1752.49438572599
"701",2000,"D3","3-RM",2379.44357798511
"702",2000,"D3","4-RM",3310.36819868353
"703",2000,"D3","5-RM",3777.36203109518
"704",2000,"D3","EXEC",4258.6557071294
"705",2000,"D5","3-RM",2392.56187205077
"706",2000,"D5","4-RM",2877.4100025683
"707",2000,"D5","5-RM",3404.91067559991
"708",2000,"D5","EXEC",2985.54834183688
"709",2001,"D1","2-RM",1865.20101508117
"710",2001,"D1","3-RM",2714.62590890661
"711",2001,"D1","4-RM",3106.53093337355
"712",2001,"D1","5-RM",2595.23308766783
"713",2001,"D10","3-RM",2513.21348938485
"714",2001,"D10","4-RM",3023.60510899837
"715",2001,"D10","5-RM",3485.66149198215
"716",2001,"D10","EXEC",3591.07595343752
"717",2001,"D12","2-RM",2176.21387559809
"718",2001,"D12","3-RM",2296.13390150773
"719",2001,"D12","4-RM",2625.17876664141
"720",2001,"D12","5-RM",3280.68407736504
"721",2001,"D12","EXEC",3247.74253605593
"722",2001,"D14","2-RM",1703.57810568469
"723",2001,"D14","3-RM",2108.77599539242
"724",2001,"D14","4-RM",2615.89366050676
"725",2001,"D14","5-RM",3074.3455641467
"726",2001,"D14","EXEC",3128.77433292113
"727",2001,"D16","2-RM",2200.43259336465
"728",2001,"D16","3-RM",2260.84404098228
"729",2001,"D16","4-RM",2480.28922920796
"730",2001,"D16","5-RM",2964.06153323352
"731",2001,"D16","EXEC",3251.12303351932
"732",2001,"D18","3-RM",2409.80949535604
"733",2001,"D18","4-RM",2558.48820743078
"734",2001,"D18","5-RM",2855.41507475859
"735",2001,"D18","EXEC",3251.16173275003
"736",2001,"D19","3-RM",1992.34724926359
"737",2001,"D19","4-RM",2404.49440224366
"738",2001,"D19","5-RM",2908.37420134954
"739",2001,"D19","EXEC",3240.45460330977
"740",2001,"D20","2-RM",2132.62503079576
"741",2001,"D20","3-RM",2210.69148308491
"742",2001,"D20","4-RM",2756.88810476558
"743",2001,"D20","5-RM",3235.03714616836
"744",2001,"D20","EXEC",3554.70823076055
"745",2001,"D22","2-RM",1315.78947368421
"746",2001,"D22","3-RM",1780.63348313833
"747",2001,"D22","4-RM",1997.23940263231
"748",2001,"D22","5-RM",2296.4118965373
"749",2001,"D22","EXEC",2601.0562760363
"750",2001,"D23","3-RM",1836.09651687493
"751",2001,"D23","4-RM",2194.88438473841
"752",2001,"D23","5-RM",2615.28723570812
"753",2001,"D23","EXEC",2870.71944634619
"754",2001,"D25","3-RM",1712.86297362671
"755",2001,"D25","4-RM",2111.71604641307
"756",2001,"D25","5-RM",2382.65952389063
"757",2001,"D25","EXEC",2662.01237965762
"758",2001,"D27","3-RM",1957.31145993981
"759",2001,"D27","4-RM",2085.61108996011
"760",2001,"D27","5-RM",2433.20649547729
"761",2001,"D27","EXEC",2677.35989263592
"762",2001,"D3","1-RM",1357.87214731875
"763",2001,"D3","2-RM",1591.9675987977
"764",2001,"D3","3-RM",2176.30149159276
"765",2001,"D3","4-RM",3174.53141317458
"766",2001,"D3","5-RM",3580.47434809452
"767",2001,"D3","EXEC",4226.63872426469
"768",2001,"D5","3-RM",2189.36550353378
"769",2001,"D5","4-RM",2617.2521805397
"770",2001,"D5","5-RM",3075.85043220605
"771",2001,"D5","EXEC",3153.61253319985
"772",2002,"D1","2-RM",2116.65904842772
"773",2002,"D1","3-RM",2789.45921202718
"774",2002,"D1","4-RM",3242.43756764332
"775",2002,"D1","5-RM",2139.50089928058
"776",2002,"D10","3-RM",2647.53994840062
"777",2002,"D10","4-RM",2832.86060693364
"778",2002,"D10","5-RM",3287.0338874319
"779",2002,"D10","EXEC",3438.20547945205
"780",2002,"D12","2-RM",2171.39229946524
"781",2002,"D12","3-RM",2301.28828276546
"782",2002,"D12","4-RM",2608.89346917992
"783",2002,"D12","5-RM",3082.52905846224
"784",2002,"D12","EXEC",3027.59118652363
"785",2002,"D14","2-RM",1745.3452733526
"786",2002,"D14","3-RM",2104.57564158565
"787",2002,"D14","4-RM",2604.14722554581
"788",2002,"D14","5-RM",3008.59045795864
"789",2002,"D14","EXEC",2963.86996787277
"790",2002,"D16","2-RM",2127.31481481481
"791",2002,"D16","3-RM",2223.67683318026
"792",2002,"D16","4-RM",2378.20790356746
"793",2002,"D16","5-RM",2872.98796516967
"794",2002,"D16","EXEC",3024.19054072006
"795",2002,"D18","2-RM",2509.09090909091
"796",2002,"D18","3-RM",2375.56088336437
"797",2002,"D18","4-RM",2432.31853123959
"798",2002,"D18","5-RM",2701.50018427715
"799",2002,"D18","EXEC",3051.10344056767
"800",2002,"D19","3-RM",1933.95124436627
"801",2002,"D19","4-RM",2299.69599550804
"802",2002,"D19","5-RM",2747.29200302758
"803",2002,"D19","EXEC",2979.01803075572
"804",2002,"D20","2-RM",2017.39439853076
"805",2002,"D20","3-RM",2181.27586662714
"806",2002,"D20","4-RM",2730.26190018011
"807",2002,"D20","5-RM",3208.93027853403
"808",2002,"D20","EXEC",3330.66949741292
"809",2002,"D22","2-RM",1166.66666666667
"810",2002,"D22","3-RM",1732.18918267214
"811",2002,"D22","4-RM",2047.8265632304
"812",2002,"D22","5-RM",2298.56128732463
"813",2002,"D22","EXEC",2639.37563449563
"814",2002,"D23","3-RM",1840.03584401102
"815",2002,"D23","4-RM",2106.42530679718
"816",2002,"D23","5-RM",2503.61485487581
"817",2002,"D23","EXEC",2795.80465793123
"818",2002,"D25","2-RM",1333.33333333333
"819",2002,"D25","3-RM",1663.51180546613
"820",2002,"D25","4-RM",2013.83444735695
"821",2002,"D25","5-RM",2279.66619692702
"822",2002,"D25","EXEC",2602.79973735088
"823",2002,"D27","3-RM",1894.033697556
"824",2002,"D27","4-RM",1960.48806568691
"825",2002,"D27","5-RM",2293.74566528126
"826",2002,"D27","EXEC",2558.34298216069
"827",2002,"D3","1-RM",1480.22333617439
"828",2002,"D3","2-RM",1703.73739886805
"829",2002,"D3","3-RM",2237.73688873891
"830",2002,"D3","4-RM",3144.8630738164
"831",2002,"D3","5-RM",3529.00077622197
"832",2002,"D3","EXEC",3970.10086569474
"833",2002,"D5","3-RM",2202.42154512432
"834",2002,"D5","4-RM",2608.62959277412
"835",2002,"D5","5-RM",2994.86125825792
"836",2002,"D5","EXEC",2787.42943376286
"837",2003,"D1","2-RM",2163.46249836816
"838",2003,"D1","3-RM",3096.23202846418
"839",2003,"D1","4-RM",3302.77922102763
"840",2003,"D1","5-RM",2808.77487790789
"841",2003,"D10","3-RM",2731.59391782105
"842",2003,"D10","4-RM",2882.35111662531
"843",2003,"D10","5-RM",3254.00926475261
"844",2003,"D10","EXEC",3242.2114688964
"845",2003,"D12","2-RM",2500.6827525824
"846",2003,"D12","3-RM",2545.20780835602
"847",2003,"D12","4-RM",2621.96634121387
"848",2003,"D12","5-RM",2988.56394678095
"849",2003,"D12","EXEC",2985.11496194778
"850",2003,"D14","2-RM",2031.43608214745
"851",2003,"D14","3-RM",2368.48492811711
"852",2003,"D14","4-RM",2645.249530829
"853",2003,"D14","5-RM",3013.88952056328
"854",2003,"D14","EXEC",2945.76879988379
"855",2003,"D16","2-RM",2265.40785296575
"856",2003,"D16","3-RM",2479.41203590551
"857",2003,"D16","4-RM",2509.88056740571
"858",2003,"D16","5-RM",2835.40647512911
"859",2003,"D16","EXEC",2977.83614703114
"860",2003,"D18","2-RM",2545.61128526646
"861",2003,"D18","3-RM",2565.41835953773
"862",2003,"D18","4-RM",2482.87909298292
"863",2003,"D18","5-RM",2652.16809946476
"864",2003,"D18","EXEC",2874.06314942363
"865",2003,"D19","3-RM",2190.1921153855
"866",2003,"D19","4-RM",2366.61091116624
"867",2003,"D19","5-RM",2680.97801456775
"868",2003,"D19","EXEC",2843.49561825111
"869",2003,"D20","2-RM",2427.3569023569
"870",2003,"D20","3-RM",2372.06915142082
"871",2003,"D20","4-RM",2713.63380704453
"872",2003,"D20","5-RM",3083.05478308173
"873",2003,"D20","EXEC",3109.24359889557
"874",2003,"D22","2-RM",1315.78947368421
"875",2003,"D22","3-RM",1963.01875442375
"876",2003,"D22","4-RM",2137.12510718972
"877",2003,"D22","5-RM",2358.62513634618
"878",2003,"D22","EXEC",2624.01552310778
"879",2003,"D23","3-RM",2102.63188166572
"880",2003,"D23","4-RM",2198.61285445494
"881",2003,"D23","5-RM",2492.68837787097
"882",2003,"D23","EXEC",2678.49441231938
"883",2003,"D25","2-RM",2200
"884",2003,"D25","3-RM",1910.75652389569
"885",2003,"D25","4-RM",2122.10283569735
"886",2003,"D25","5-RM",2320.96882138158
"887",2003,"D25","EXEC",2580.26329275473
"888",2003,"D27","3-RM",2101.96997169178
"889",2003,"D27","4-RM",2093.01412378521
"890",2003,"D27","5-RM",2367.25870665748
"891",2003,"D27","EXEC",2569.3819722524
"892",2003,"D3","1-RM",1767.3849496857
"893",2003,"D3","2-RM",1948.36136034307
"894",2003,"D3","3-RM",2522.16365270857
"895",2003,"D3","4-RM",3164.57864019457
"896",2003,"D3","5-RM",3433.11489940042
"897",2003,"D3","EXEC",4032.86340458682
"898",2003,"D5","3-RM",2457.33376074057
"899",2003,"D5","4-RM",2660.60676602369
"900",2003,"D5","5-RM",3039.09652413895
"901",2003,"D5","EXEC",2750.23279451014
"902",2004,"D1","2-RM",2358.18874521705
"903",2004,"D1","3-RM",3190.39494813718
"904",2004,"D1","4-RM",3342.11992153574
"905",2004,"D1","5-RM",2711.04830421377
"906",2004,"D10","3-RM",2895.96382971602
"907",2004,"D10","4-RM",2888.28983516484
"908",2004,"D10","5-RM",3219.48958798833
"909",2004,"D10","EXEC",3219.68970318382
"910",2004,"D12","2-RM",2603.00186731728
"911",2004,"D12","3-RM",2705.37612339915
"912",2004,"D12","4-RM",2688.41515981587
"913",2004,"D12","5-RM",2938.79881534016
"914",2004,"D12","EXEC",2708.53082131465
"915",2004,"D14","2-RM",2323.74602227641
"916",2004,"D14","3-RM",2635.59257491234
"917",2004,"D14","4-RM",2735.11535841739
"918",2004,"D14","5-RM",2873.34611453644
"919",2004,"D14","EXEC",2705.85633088203
"920",2004,"D16","2-RM",2462.78036175711
"921",2004,"D16","3-RM",2694.58842967244
"922",2004,"D16","4-RM",2571.63629196541
"923",2004,"D16","5-RM",2825.14848577345
"924",2004,"D16","EXEC",2731.9937998178
"925",2004,"D18","2-RM",2690.90909090909
"926",2004,"D18","3-RM",2681.18949642484
"927",2004,"D18","4-RM",2495.86274159586
"928",2004,"D18","5-RM",2555.80832125947
"929",2004,"D18","EXEC",2710.22797684492
"930",2004,"D19","3-RM",2436.00207941264
"931",2004,"D19","4-RM",2420.72903758394
"932",2004,"D19","5-RM",2588.8030237135
"933",2004,"D19","EXEC",2669.12106594023
"934",2004,"D20","2-RM",2558.08838383838
"935",2004,"D20","3-RM",2562.12204814462
"936",2004,"D20","4-RM",2748.81936775311
"937",2004,"D20","5-RM",2984.36557371645
"938",2004,"D20","EXEC",3085.71557157623
"939",2004,"D22","3-RM",2326.24443077908
"940",2004,"D22","4-RM",2350.92956344227
"941",2004,"D22","5-RM",2414.81909950955
"942",2004,"D22","EXEC",2501.56014449105
"943",2004,"D23","3-RM",2337.85802611754
"944",2004,"D23","4-RM",2248.65441512236
"945",2004,"D23","5-RM",2437.36124145509
"946",2004,"D23","EXEC",2535.48689170874
"947",2004,"D25","2-RM",2044.44444444444
"948",2004,"D25","3-RM",2209.58461471912
"949",2004,"D25","4-RM",2290.12858945573
"950",2004,"D25","5-RM",2345.37565128305
"951",2004,"D25","EXEC",2461.1431854706
"952",2004,"D27","3-RM",2375.0190424912
"953",2004,"D27","4-RM",2212.95534779419
"954",2004,"D27","5-RM",2400.45453707572
"955",2004,"D27","EXEC",2426.10994983663
"956",2004,"D3","1-RM",2103.37941628264
"957",2004,"D3","2-RM",2299.08411869727
"958",2004,"D3","3-RM",2766.23116699567
"959",2004,"D3","4-RM",3213.9719445888
"960",2004,"D3","5-RM",3314.33629746067
"961",2004,"D3","EXEC",3985.42127478922
"962",2004,"D5","3-RM",2607.67689271787
"963",2004,"D5","4-RM",2704.73517996734
"964",2004,"D5","5-RM",2913.86342583157
"965",2004,"D5","EXEC",2698.48842308274
"966",2005,"D1","2-RM",2416.64177614512
"967",2005,"D1","3-RM",3227.664179531
"968",2005,"D1","4-RM",3301.26050921616
"969",2005,"D1","5-RM",2225.30673212471
"970",2005,"D10","3-RM",2845.43475335545
"971",2005,"D10","4-RM",2856.22702456571
"972",2005,"D10","5-RM",2947.9752637629
"973",2005,"D10","EXEC",2877.48550247103
"974",2005,"D12","2-RM",2659.77541583954
"975",2005,"D12","3-RM",2617.14366303889
"976",2005,"D12","4-RM",2652.81593066246
"977",2005,"D12","5-RM",2783.45525372712
"978",2005,"D12","EXEC",2556.65623841258
"979",2005,"D14","2-RM",2387.0098766277
"980",2005,"D14","3-RM",2610.94698078464
"981",2005,"D14","4-RM",2671.52188958589
"982",2005,"D14","5-RM",2842.83144003493
"983",2005,"D14","EXEC",2693.74491535162
"984",2005,"D16","2-RM",2631.16371590766
"985",2005,"D16","3-RM",2600.74739887627
"986",2005,"D16","4-RM",2545.74783704037
"987",2005,"D16","5-RM",2762.26706656741
"988",2005,"D16","EXEC",2537.68396804706
"989",2005,"D18","2-RM",2727.27272727273
"990",2005,"D18","3-RM",2555.68319101512
"991",2005,"D18","4-RM",2402.83992375321
"992",2005,"D18","5-RM",2404.46635784205
"993",2005,"D18","EXEC",2546.52625347645
"994",2005,"D19","3-RM",2367.78930164463
"995",2005,"D19","4-RM",2419.24397881106
"996",2005,"D19","5-RM",2473.12581285789
"997",2005,"D19","EXEC",2463.74146813787
"998",2005,"D20","2-RM",2628.58383838384
"999",2005,"D20","3-RM",2484.28343459937
"1000",2005,"D20","4-RM",2750.79478005625
"1001",2005,"D20","5-RM",2891.46099214842
"1002",2005,"D20","EXEC",2799.44876872777
"1003",2005,"D22","3-RM",2299.62214608697
"1004",2005,"D22","4-RM",2300.73301669574
"1005",2005,"D22","5-RM",2350.48685871025
"1006",2005,"D22","EXEC",2358.42163763616
"1007",2005,"D23","3-RM",2309.23450407025
"1008",2005,"D23","4-RM",2247.55028457799
"1009",2005,"D23","5-RM",2354.92704326204
"1010",2005,"D23","EXEC",2425.3568692454
"1011",2005,"D25","2-RM",1955.55555555556
"1012",2005,"D25","3-RM",2239.5238971764
"1013",2005,"D25","4-RM",2265.08341442964
"1014",2005,"D25","5-RM",2286.73640491129
"1015",2005,"D25","EXEC",2337.88368493332
"1016",2005,"D27","3-RM",2319.54063049331
"1017",2005,"D27","4-RM",2202.75851489617
"1018",2005,"D27","5-RM",2378.86140169146
"1019",2005,"D27","EXEC",2372.72863139355
"1020",2005,"D3","1-RM",2328.8920056101
"1021",2005,"D3","2-RM",2396.09443381842
"1022",2005,"D3","3-RM",2728.29248289093
"1023",2005,"D3","4-RM",3226.02398055611
"1024",2005,"D3","5-RM",3260.37297336276
"1025",2005,"D3","EXEC",3433.39038544374
"1026",2005,"D5","3-RM",2577.74999327427
"1027",2005,"D5","4-RM",2722.16855434392
"1028",2005,"D5","5-RM",2875.42484281326
"1029",2005,"D5","EXEC",2550.03003706157
"1030",2006,"D1","2-RM",2425.92979173168
"1031",2006,"D1","3-RM",3326.73361056113
"1032",2006,"D1","4-RM",3371.39234080566
"1033",2006,"D1","5-RM",2933.51325931833
"1034",2006,"D10","3-RM",2838.46614945741
"1035",2006,"D10","4-RM",2958.48929299304
"1036",2006,"D10","5-RM",2854.79050046648
"1037",2006,"D10","EXEC",2961.54470579847
"1038",2006,"D12","2-RM",2812.63513940749
"1039",2006,"D12","3-RM",2574.86253417671
"1040",2006,"D12","4-RM",2695.35657502854
"1041",2006,"D12","5-RM",2858.24037944075
"1042",2006,"D12","EXEC",2562.68107401751
"1043",2006,"D14","2-RM",2497.60524109143
"1044",2006,"D14","3-RM",2576.84756351607
"1045",2006,"D14","4-RM",2715.04120804407
"1046",2006,"D14","5-RM",2841.1901020295
"1047",2006,"D14","EXEC",2559.80737139676
"1048",2006,"D16","2-RM",2784.44444444444
"1049",2006,"D16","3-RM",2503.69125759415
"1050",2006,"D16","4-RM",2481.07501327687
"1051",2006,"D16","5-RM",2808.90068571056
"1052",2006,"D16","EXEC",2550.97284767286
"1053",2006,"D18","3-RM",2504.17803633451
"1054",2006,"D18","4-RM",2396.32574138187
"1055",2006,"D18","5-RM",2348.550647008
"1056",2006,"D18","EXEC",2503.01902454864
"1057",2006,"D19","3-RM",2279.56158716658
"1058",2006,"D19","4-RM",2445.2122253766
"1059",2006,"D19","5-RM",2504.91004394868
"1060",2006,"D19","EXEC",2457.47814198602
"1061",2006,"D20","2-RM",2742.57575757576
"1062",2006,"D20","3-RM",2445.30184075466
"1063",2006,"D20","4-RM",2850.99566043544
"1064",2006,"D20","5-RM",2973.31270002324
"1065",2006,"D20","EXEC",2830.80464546262
"1066",2006,"D22","3-RM",2187.39203732925
"1067",2006,"D22","4-RM",2285.69484442631
"1068",2006,"D22","5-RM",2354.48796642712
"1069",2006,"D22","EXEC",2317.41164641421
"1070",2006,"D23","3-RM",2219.38882676115
"1071",2006,"D23","4-RM",2255.88221263334
"1072",2006,"D23","5-RM",2347.63144417719
"1073",2006,"D23","EXEC",2379.81521937446
"1074",2006,"D25","3-RM",2079.8560132665
"1075",2006,"D25","4-RM",2191.91616326734
"1076",2006,"D25","5-RM",2262.77122636508
"1077",2006,"D25","EXEC",2276.43169703647
"1078",2006,"D27","3-RM",2212.85662146855
"1079",2006,"D27","4-RM",2178.80952729504
"1080",2006,"D27","5-RM",2370.91174741122
"1081",2006,"D27","EXEC",2324.48959498725
"1082",2006,"D3","1-RM",2663.70967741935
"1083",2006,"D3","2-RM",2541.26308622558
"1084",2006,"D3","3-RM",2776.75376454032
"1085",2006,"D3","4-RM",3391.31524186197
"1086",2006,"D3","5-RM",3386.00107812365
"1087",2006,"D3","EXEC",3478.36032612132
"1088",2006,"D5","2-RM",2752.84090909091
"1089",2006,"D5","3-RM",2548.81177828687
"1090",2006,"D5","4-RM",2939.14781812281
"1091",2006,"D5","5-RM",3054.03526716205
"1092",2006,"D5","EXEC",2713.55119326193
"1093",2007,"D1","2-RM",2906.04042358759
"1094",2007,"D1","3-RM",3910.11301599985
"1095",2007,"D1","4-RM",4027.91076118795
"1096",2007,"D1","5-RM",3780.13114793738
"1097",2007,"D10","3-RM",3266.95185910218
"1098",2007,"D10","4-RM",3177.75202325764
"1099",2007,"D10","5-RM",3524.59902901584
"1100",2007,"D10","EXEC",3763.284478079
"1101",2007,"D12","2-RM",3134.98730088791
"1102",2007,"D12","3-RM",2843.75070932253
"1103",2007,"D12","4-RM",2960.71284753668
"1104",2007,"D12","5-RM",3237.23154861744
"1105",2007,"D12","EXEC",2756.90035510577
"1106",2007,"D14","2-RM",2806.73425961137
"1107",2007,"D14","3-RM",2829.41212854609
"1108",2007,"D14","4-RM",3081.42904671914
"1109",2007,"D14","5-RM",3195.25940874353
"1110",2007,"D14","EXEC",2931.78298990399
"1111",2007,"D16","2-RM",2971.40385510456
"1112",2007,"D16","3-RM",2739.9740728819
"1113",2007,"D16","4-RM",2716.69100511483
"1114",2007,"D16","5-RM",3108.71951288793
"1115",2007,"D16","EXEC",2815.8058088075
"1116",2007,"D18","2-RM",3418.18181818182
"1117",2007,"D18","3-RM",2676.68319634118
"1118",2007,"D18","4-RM",2561.01106298855
"1119",2007,"D18","5-RM",2522.57267737678
"1120",2007,"D18","EXEC",2705.39453206843
"1121",2007,"D19","3-RM",2493.31940836051
"1122",2007,"D19","4-RM",2646.10215783394
"1123",2007,"D19","5-RM",2746.8248845946
"1124",2007,"D19","EXEC",2741.34471306064
"1125",2007,"D20","2-RM",3097.07954545455
"1126",2007,"D20","3-RM",2629.4064015903
"1127",2007,"D20","4-RM",3145.13488588194
"1128",2007,"D20","5-RM",3336.41282599011
"1129",2007,"D20","EXEC",3286.9189044723
"1130",2007,"D22","3-RM",2324.11854686843
"1131",2007,"D22","4-RM",2392.19501670245
"1132",2007,"D22","5-RM",2474.45399811161
"1133",2007,"D22","EXEC",2498.80630967476
"1134",2007,"D23","3-RM",2341.77523769538
"1135",2007,"D23","4-RM",2412.23185857017
"1136",2007,"D23","5-RM",2515.73469156811
"1137",2007,"D23","EXEC",2490.13197069839
"1138",2007,"D25","2-RM",2396.2962962963
"1139",2007,"D25","3-RM",2184.38728482078
"1140",2007,"D25","4-RM",2329.11642947597
"1141",2007,"D25","5-RM",2346.26100560246
"1142",2007,"D25","EXEC",2308.50720398373
"1143",2007,"D27","3-RM",2327.08674748063
"1144",2007,"D27","4-RM",2297.00741513358
"1145",2007,"D27","5-RM",2485.13865325365
"1146",2007,"D27","EXEC",2413.03957782556
"1147",2007,"D3","1-RM",3146.77419354839
"1148",2007,"D3","2-RM",2922.97785052636
"1149",2007,"D3","3-RM",3146.39954881797
"1150",2007,"D3","4-RM",4030.63337844309
"1151",2007,"D3","5-RM",4096.81769817056
"1152",2007,"D3","EXEC",4189.05748931474
"1153",2007,"D5","2-RM",3193.18181818182
"1154",2007,"D5","3-RM",2814.05757838636
"1155",2007,"D5","4-RM",3370.1310947162
"1156",2007,"D5","5-RM",3473.6984005286
"1157",2007,"D5","EXEC",3225.61610230188
"1158",2008,"D1","2-RM",3581.33182331296
"1159",2008,"D1","3-RM",4687.19306589471
"1160",2008,"D1","4-RM",4669.01607767999
"1161",2008,"D1","5-RM",4394.87442892401
"1162",2008,"D10","3-RM",4337.95817630904
"1163",2008,"D10","4-RM",4243.14134295088
"1164",2008,"D10","5-RM",4448.03576749971
"1165",2008,"D10","EXEC",4438.98219685077
"1166",2008,"D12","2-RM",3713.81103260147
"1167",2008,"D12","3-RM",3477.59610404765
"1168",2008,"D12","4-RM",3660.89270800834
"1169",2008,"D12","5-RM",3836.71487107211
"1170",2008,"D12","EXEC",3544.29166978113
"1171",2008,"D14","2-RM",3426.01989469337
"1172",2008,"D14","3-RM",3511.83339713439
"1173",2008,"D14","4-RM",3833.47436980704
"1174",2008,"D14","5-RM",3972.09787731137
"1175",2008,"D14","EXEC",3320.54243525994
"1176",2008,"D16","2-RM",3620.94715035892
"1177",2008,"D16","3-RM",3378.64315887734
"1178",2008,"D16","4-RM",3348.62659290188
"1179",2008,"D16","5-RM",3812.47390102271
"1180",2008,"D16","EXEC",3246.56230659403
"1181",2008,"D18","2-RM",3781.81818181818
"1182",2008,"D18","3-RM",3274.97006221923
"1183",2008,"D18","4-RM",3093.79243503127
"1184",2008,"D18","5-RM",3028.43184494135
"1185",2008,"D18","EXEC",3278.56153658161
"1186",2008,"D19","3-RM",3100.2989316648
"1187",2008,"D19","4-RM",3193.53738014829
"1188",2008,"D19","5-RM",3289.7937965126
"1189",2008,"D19","EXEC",3288.66775599401
"1190",2008,"D20","2-RM",3560.73975044563
"1191",2008,"D20","3-RM",3349.52892988374
"1192",2008,"D20","4-RM",3762.06457560414
"1193",2008,"D20","5-RM",4073.17723502294
"1194",2008,"D20","EXEC",3839.40212412272
"1195",2008,"D22","3-RM",2888.1420617725
"1196",2008,"D22","4-RM",2857.59388509037
"1197",2008,"D22","5-RM",3007.64637577008
"1198",2008,"D22","EXEC",2925.87323845798
"1199",2008,"D23","3-RM",2939.67404092195
"1200",2008,"D23","4-RM",3013.61171203707
"1201",2008,"D23","5-RM",3061.82216278516
"1202",2008,"D23","EXEC",3024.0970061664
"1203",2008,"D25","2-RM",2897.77777777778
"1204",2008,"D25","3-RM",2641.72922028785
"1205",2008,"D25","4-RM",2735.85809275221
"1206",2008,"D25","5-RM",2730.18827310279
"1207",2008,"D25","EXEC",2644.67432510226
"1208",2008,"D27","3-RM",2851.74283828269
"1209",2008,"D27","4-RM",2755.98304240172
"1210",2008,"D27","5-RM",2932.30834473774
"1211",2008,"D27","EXEC",2801.39692563991
"1212",2008,"D3","1-RM",3950.76400679117
"1213",2008,"D3","2-RM",3674.49991787736
"1214",2008,"D3","3-RM",4012.66063017034
"1215",2008,"D3","4-RM",4747.1830994437
"1216",2008,"D3","5-RM",4945.7490753412
"1217",2008,"D3","EXEC",5414.16884813353
"1218",2008,"D5","2-RM",3159.09090909091
"1219",2008,"D5","3-RM",3484.9686918104
"1220",2008,"D5","4-RM",3910.66461921759
"1221",2008,"D5","5-RM",4175.50921522805
"1222",2008,"D5","EXEC",4013.37712301973
"1223",2009,"D1","2-RM",3894.10867882693
"1224",2009,"D1","3-RM",4933.91502231898
"1225",2009,"D1","4-RM",4967.23961588802
"1226",2009,"D1","5-RM",4235.37198867591
"1227",2009,"D1","EXEC",3666.66666666667
"1228",2009,"D10","3-RM",4797.9983728001
"1229",2009,"D10","4-RM",4239.98920132202
"1230",2009,"D10","5-RM",4567.13103739985
"1231",2009,"D10","EXEC",4293.68919194766
"1232",2009,"D12","2-RM",4237.88535696149
"1233",2009,"D12","3-RM",3840.05422136951
"1234",2009,"D12","4-RM",3846.86041257883
"1235",2009,"D12","5-RM",3917.08064325216
"1236",2009,"D12","EXEC",3481.07280280265
"1237",2009,"D14","2-RM",3996.28532769841
"1238",2009,"D14","3-RM",3873.07997828814
"1239",2009,"D14","4-RM",4122.72485470962
"1240",2009,"D14","5-RM",4216.4376417021
"1241",2009,"D14","EXEC",3577.0532174197
"1242",2009,"D16","2-RM",4065.72871572872
"1243",2009,"D16","3-RM",3708.16864141681
"1244",2009,"D16","4-RM",3612.83870983047
"1245",2009,"D16","5-RM",3814.83537682357
"1246",2009,"D16","EXEC",3374.01918562144
"1247",2009,"D18","2-RM",3819.22675026123
"1248",2009,"D18","3-RM",3541.95661464787
"1249",2009,"D18","4-RM",3312.16193035552
"1250",2009,"D18","5-RM",3163.2675125615
"1251",2009,"D18","EXEC",3321.97343495378
"1252",2009,"D19","3-RM",3428.45251288368
"1253",2009,"D19","4-RM",3420.21533095647
"1254",2009,"D19","5-RM",3416.36288762852
"1255",2009,"D19","EXEC",3385.43079191795
"1256",2009,"D20","2-RM",4065.16308243728
"1257",2009,"D20","3-RM",3675.50255620961
"1258",2009,"D20","4-RM",4009.31155666358
"1259",2009,"D20","5-RM",4187.19792804576
"1260",2009,"D20","EXEC",3931.24771152494
"1261",2009,"D22","3-RM",3254.27729908467
"1262",2009,"D22","4-RM",3187.93494759181
"1263",2009,"D22","5-RM",3254.28186945827
"1264",2009,"D22","EXEC",3148.03595266838
"1265",2009,"D23","3-RM",3329.33691920186
"1266",2009,"D23","4-RM",3206.22219364789
"1267",2009,"D23","5-RM",3200.13210350886
"1268",2009,"D23","EXEC",3146.2865916504
"1269",2009,"D25","2-RM",2822.22222222222
"1270",2009,"D25","3-RM",2998.1983112455
"1271",2009,"D25","4-RM",2961.34194011955
"1272",2009,"D25","5-RM",2901.26779524088
"1273",2009,"D25","EXEC",2761.25913908886
"1274",2009,"D27","3-RM",3257.85130866505
"1275",2009,"D27","4-RM",3091.1433441702
"1276",2009,"D27","5-RM",3129.82749486754
"1277",2009,"D27","EXEC",2993.99571405741
"1278",2009,"D3","1-RM",4953.04659498208
"1279",2009,"D3","2-RM",4250.24959053704
"1280",2009,"D3","3-RM",4343.2976166362
"1281",2009,"D3","4-RM",4954.42436532311
"1282",2009,"D3","5-RM",4919.09456229211
"1283",2009,"D3","EXEC",4800.82681910828
"1284",2009,"D5","2-RM",3931.81818181818
"1285",2009,"D5","3-RM",3822.78216885794
"1286",2009,"D5","4-RM",4254.88773928058
"1287",2009,"D5","5-RM",4174.60867622759
"1288",2009,"D5","EXEC",4004.82440894436
"1289",2010,"D1","2-RM",4639.98515843891
"1290",2010,"D1","3-RM",5689.90538256116
"1291",2010,"D1","4-RM",5587.76053743264
"1292",2010,"D1","5-RM",4526.4789920841
"1293",2010,"D10","3-RM",5148.99145772524
"1294",2010,"D10","4-RM",4903.27522210935
"1295",2010,"D10","5-RM",5003.57189513418
"1296",2010,"D10","EXEC",4593.59114050281
"1297",2010,"D12","2-RM",4940.38848127006
"1298",2010,"D12","3-RM",4418.56735585905
"1299",2010,"D12","4-RM",4261.51093113383
"1300",2010,"D12","5-RM",4337.24670654685
"1301",2010,"D12","EXEC",3821.84471967497
"1302",2010,"D14","2-RM",4627.44240043878
"1303",2010,"D14","3-RM",4454.98002804643
"1304",2010,"D14","4-RM",4608.99966635474
"1305",2010,"D14","5-RM",4698.45435185422
"1306",2010,"D14","EXEC",3938.62852693128
"1307",2010,"D16","2-RM",4817.22789545189
"1308",2010,"D16","3-RM",4261.20560548293
"1309",2010,"D16","4-RM",4083.79242411538
"1310",2010,"D16","5-RM",4250.09171468353
"1311",2010,"D16","EXEC",3798.88063441752
"1312",2010,"D18","2-RM",4663.63636363636
"1313",2010,"D18","3-RM",4103.70561413817
"1314",2010,"D18","4-RM",3710.06252361336
"1315",2010,"D18","5-RM",3484.64846279727
"1316",2010,"D18","EXEC",3618.53130606825
"1317",2010,"D19","3-RM",3958.33005890276
"1318",2010,"D19","4-RM",3917.9652279637
"1319",2010,"D19","5-RM",3847.15724165455
"1320",2010,"D19","EXEC",3757.346728284
"1321",2010,"D20","2-RM",4796.3375692408
"1322",2010,"D20","3-RM",4214.07625024236
"1323",2010,"D20","4-RM",4443.37420416422
"1324",2010,"D20","5-RM",4617.78777424614
"1325",2010,"D20","EXEC",4417.09227640355
"1326",2010,"D22","2-RM",3864.50167973124
"1327",2010,"D22","3-RM",3799.75000324918
"1328",2010,"D22","4-RM",3585.34637432324
"1329",2010,"D22","5-RM",3621.77820696709
"1330",2010,"D22","EXEC",3456.65680726549
"1331",2010,"D23","3-RM",3850.89142631976
"1332",2010,"D23","4-RM",3556.1091816152
"1333",2010,"D23","5-RM",3553.24962549347
"1334",2010,"D23","EXEC",3542.02865301274
"1335",2010,"D25","2-RM",4600
"1336",2010,"D25","3-RM",3519.95803028242
"1337",2010,"D25","4-RM",3348.9216996905
"1338",2010,"D25","5-RM",3206.42126554667
"1339",2010,"D25","EXEC",3109.83533219684
"1340",2010,"D27","3-RM",3785.25171992275
"1341",2010,"D27","4-RM",3486.29382081061
"1342",2010,"D27","5-RM",3467.50946243401
"1343",2010,"D27","EXEC",3352.4990064588
"1344",2010,"D3","1-RM",6079.87711213518
"1345",2010,"D3","2-RM",4884.73933941629
"1346",2010,"D3","3-RM",4978.80326119665
"1347",2010,"D3","4-RM",5613.34197153382
"1348",2010,"D3","5-RM",5547.11703089726
"1349",2010,"D3","EXEC",5051.84516246051
"1350",2010,"D5","2-RM",4878.78787878788
"1351",2010,"D5","3-RM",4464.29059993572
"1352",2010,"D5","4-RM",4718.89608579347
"1353",2010,"D5","5-RM",4640.9985393182
"1354",2010,"D5","EXEC",4414.095353086
"1355",2011,"D1","2-RM",5094.46773090641
"1356",2011,"D1","3-RM",6227.26682925133
"1357",2011,"D1","4-RM",6065.91316967942
"1358",2011,"D1","5-RM",5772.14460624839
"1359",2011,"D10","3-RM",5992.69406392694
"1360",2011,"D10","4-RM",5352.93223443223
"1361",2011,"D10","5-RM",6200.25389844062
"1362",2011,"D10","EXEC",5250.82725493684
"1363",2011,"D12","2-RM",5865.76749137513
"1364",2011,"D12","3-RM",4935.78160399131
"1365",2011,"D12","4-RM",4941.01912790131
"1366",2011,"D12","5-RM",4892.7984761165
"1367",2011,"D12","EXEC",4373.48863712658
"1368",2011,"D14","2-RM",5279.80871843058
"1369",2011,"D14","3-RM",5097.08001907265
"1370",2011,"D14","4-RM",5316.37350380575
"1371",2011,"D14","5-RM",5144.62833378762
"1372",2011,"D14","EXEC",4378.8257549336
"1373",2011,"D16","2-RM",5414.63921913182
"1374",2011,"D16","3-RM",4816.94705810728
"1375",2011,"D16","4-RM",4606.31687470975
"1376",2011,"D16","5-RM",4678.91267087598
"1377",2011,"D16","EXEC",4246.49164096844
"1378",2011,"D18","2-RM",4754.54545454545
"1379",2011,"D18","3-RM",4659.82054960842
"1380",2011,"D18","4-RM",4163.06978908517
"1381",2011,"D18","5-RM",3946.59852663728
"1382",2011,"D18","EXEC",4050.44956190829
"1383",2011,"D19","3-RM",4572.5931312731
"1384",2011,"D19","4-RM",4532.9054503269
"1385",2011,"D19","5-RM",4341.6397394224
"1386",2011,"D19","EXEC",4234.72825961388
"1387",2011,"D20","2-RM",5702.17450947321
"1388",2011,"D20","3-RM",4749.57109481316
"1389",2011,"D20","4-RM",4903.5368337642
"1390",2011,"D20","5-RM",5261.21725342353
"1391",2011,"D20","EXEC",4864.16999084268
"1392",2011,"D22","2-RM",4663.18983733844
"1393",2011,"D22","3-RM",4301.30121969533
"1394",2011,"D22","4-RM",4039.25322347991
"1395",2011,"D22","5-RM",3978.64914177165
"1396",2011,"D22","EXEC",3836.12662910362
"1397",2011,"D23","3-RM",4387.92453942346
"1398",2011,"D23","4-RM",4010.69136912551
"1399",2011,"D23","5-RM",3960.50286198976
"1400",2011,"D23","EXEC",3916.74214987492
"1401",2011,"D25","2-RM",5088.88888888889
"1402",2011,"D25","3-RM",4157.23895474675
"1403",2011,"D25","4-RM",3802.47411213742
"1404",2011,"D25","5-RM",3543.54781861902
"1405",2011,"D25","EXEC",3529.72502357104
"1406",2011,"D27","3-RM",4311.71616280075
"1407",2011,"D27","4-RM",3983.92176681259
"1408",2011,"D27","5-RM",3840.20154868331
"1409",2011,"D27","EXEC",3763.65919901181
"1410",2011,"D3","1-RM",6895.16129032258
"1411",2011,"D3","2-RM",5766.0085841621
"1412",2011,"D3","3-RM",5573.11206575407
"1413",2011,"D3","4-RM",6251.55203655511
"1414",2011,"D3","5-RM",6073.38278085676
"1415",2011,"D3","EXEC",5617.56566932671
"1416",2011,"D5","2-RM",5659.09090909091
"1417",2011,"D5","3-RM",5019.78494956465
"1418",2011,"D5","4-RM",5370.00128473149
"1419",2011,"D5","5-RM",5157.46022674242
"1420",2011,"D5","EXEC",5045.51059511815
"1421",2012,"D1","2-RM",5539.64378391631
"1422",2012,"D1","3-RM",6846.50421185721
"1423",2012,"D1","4-RM",6558.6760165274
"1424",2012,"D1","5-RM",6185.95109159916
"1425",2012,"D10","3-RM",6423.29519472377
"1426",2012,"D10","4-RM",5849.65420113594
"1427",2012,"D10","5-RM",6225.32823870827
"1428",2012,"D10","EXEC",5616.23080116231
"1429",2012,"D12","2-RM",6015.9048632683
"1430",2012,"D12","3-RM",5313.56596151225
"1431",2012,"D12","4-RM",5496.20994155935
"1432",2012,"D12","5-RM",5339.75086217153
"1433",2012,"D12","EXEC",4959.22597466632
"1434",2012,"D14","2-RM",5879.31756999981
"1435",2012,"D14","3-RM",5488.37129616967
"1436",2012,"D14","4-RM",5540.6252273839
"1437",2012,"D14","5-RM",5499.12795875578
"1438",2012,"D14","EXEC",4993.13120751091
"1439",2012,"D16","2-RM",5981.69191919192
"1440",2012,"D16","3-RM",5206.76476173952
"1441",2012,"D16","4-RM",4943.96964648691
"1442",2012,"D16","5-RM",5163.19851801217
"1443",2012,"D16","EXEC",4609.67464243562
"1444",2012,"D18","3-RM",5089.89394393103
"1445",2012,"D18","4-RM",4492.45979929965
"1446",2012,"D18","5-RM",4274.90497871279
"1447",2012,"D18","EXEC",4447.51496609045
"1448",2012,"D19","2-RM",5586.11111111111
"1449",2012,"D19","3-RM",5006.06773792462
"1450",2012,"D19","4-RM",4925.56592419796
"1451",2012,"D19","5-RM",4681.64654023073
"1452",2012,"D19","EXEC",4605.3532128365
"1453",2012,"D20","2-RM",5976.26651126651
"1454",2012,"D20","3-RM",5138.31054546145
"1455",2012,"D20","4-RM",5227.93227852713
"1456",2012,"D20","5-RM",5477.43583792856
"1457",2012,"D20","EXEC",5409.90123410263
"1458",2012,"D22","2-RM",5208.99191388322
"1459",2012,"D22","3-RM",4762.85687684418
"1460",2012,"D22","4-RM",4330.48857649693
"1461",2012,"D22","5-RM",4292.53365204852
"1462",2012,"D22","EXEC",4248.0536798302
"1463",2012,"D23","3-RM",4729.6968077198
"1464",2012,"D23","4-RM",4337.0073691637
"1465",2012,"D23","5-RM",4243.62578740612
"1466",2012,"D23","EXEC",4238.67199998831
"1467",2012,"D25","2-RM",5480
"1468",2012,"D25","3-RM",4528.88278373327
"1469",2012,"D25","4-RM",4104.90026044579
"1470",2012,"D25","5-RM",3841.63671947442
"1471",2012,"D25","EXEC",3946.47388534381
"1472",2012,"D27","3-RM",4749.21636527479
"1473",2012,"D27","4-RM",4340.01608174575
"1474",2012,"D27","5-RM",4177.29239540212
"1475",2012,"D27","EXEC",4076.60858069247
"1476",2012,"D3","1-RM",7647.17741935484
"1477",2012,"D3","2-RM",6143.97187772318
"1478",2012,"D3","3-RM",6051.12603662264
"1479",2012,"D3","4-RM",6871.99277441044
"1480",2012,"D3","5-RM",6508.96255911703
"1481",2012,"D3","EXEC",6048.75648889693
"1482",2012,"D5","2-RM",6022.72727272727
"1483",2012,"D5","3-RM",5381.84238953331
"1484",2012,"D5","4-RM",5611.04294592632
"1485",2012,"D5","5-RM",5676.46608144873
"1486",2012,"D5","EXEC",5446.60243900904
"1487",2013,"D1","2-RM",5803.51791775745
"1488",2013,"D1","3-RM",6989.25010408531
"1489",2013,"D1","4-RM",6482.11756197043
"1490",2013,"D1","5-RM",5850.72133546883
"1491",2013,"D10","3-RM",6498.42983366719
"1492",2013,"D10","4-RM",6291.69363969364
"1493",2013,"D10","5-RM",6477.94997687573
"1494",2013,"D10","EXEC",6388.74885844749
"1495",2013,"D12","2-RM",6270.35812653809
"1496",2013,"D12","3-RM",5439.03399934482
"1497",2013,"D12","4-RM",5835.28601927918
"1498",2013,"D12","5-RM",5734.96575881926
"1499",2013,"D12","EXEC",5044.06195238852
"1500",2013,"D14","2-RM",5837.20635206292
"1501",2013,"D14","3-RM",5621.16481558876
"1502",2013,"D14","4-RM",5763.41935848655
"1503",2013,"D14","5-RM",5944.59219232584
"1504",2013,"D14","EXEC",5199.26226002627
"1505",2013,"D16","2-RM",6217.03856749311
"1506",2013,"D16","3-RM",5336.11977585915
"1507",2013,"D16","4-RM",5218.07662974081
"1508",2013,"D16","5-RM",5334.29487601139
"1509",2013,"D16","EXEC",4929.54856402427
"1510",2013,"D18","3-RM",5168.62639884197
"1511",2013,"D18","4-RM",4588.65315365527
"1512",2013,"D18","5-RM",4406.21243388476
"1513",2013,"D18","EXEC",4593.86807019172
"1514",2013,"D19","2-RM",5944.44444444444
"1515",2013,"D19","3-RM",5207.38419133673
"1516",2013,"D19","4-RM",5175.25293984327
"1517",2013,"D19","5-RM",4788.08500338374
"1518",2013,"D19","EXEC",4781.6838826515
"1519",2013,"D20","2-RM",6303.58254963427
"1520",2013,"D20","3-RM",5291.41633830713
"1521",2013,"D20","4-RM",5489.58626616845
"1522",2013,"D20","5-RM",5813.31795963982
"1523",2013,"D20","EXEC",5611.29059399799
"1524",2013,"D22","2-RM",5236.94332575912
"1525",2013,"D22","3-RM",4867.88940173594
"1526",2013,"D22","4-RM",4478.0847726856
"1527",2013,"D22","5-RM",4460.63825830312
"1528",2013,"D22","EXEC",4403.72023938153
"1529",2013,"D23","3-RM",4853.90254699165
"1530",2013,"D23","4-RM",4464.25270183203
"1531",2013,"D23","5-RM",4440.27058201961
"1532",2013,"D23","EXEC",4489.31239088497
"1533",2013,"D25","2-RM",5706.66666666667
"1534",2013,"D25","3-RM",4702.8341798572
"1535",2013,"D25","4-RM",4247.35204835246
"1536",2013,"D25","5-RM",3987.71895701457
"1537",2013,"D25","EXEC",4153.59141123719
"1538",2013,"D27","3-RM",4869.84922619562
"1539",2013,"D27","4-RM",4477.31116261903
"1540",2013,"D27","5-RM",4265.87622963044
"1541",2013,"D27","EXEC",4304.36499637405
"1542",2013,"D3","1-RM",7744.62365591398
"1543",2013,"D3","2-RM",6242.74129315129
"1544",2013,"D3","3-RM",6350.88242644673
"1545",2013,"D3","4-RM",7327.93501070519
"1546",2013,"D3","5-RM",6824.14343152837
"1547",2013,"D3","EXEC",6533.33333333333
"1548",2013,"D5","3-RM",5489.10553013449
"1549",2013,"D5","4-RM",5900.70041763721
"1550",2013,"D5","5-RM",6204.46776708009
"1551",2013,"D5","EXEC",5765.07220952097
"1552",2014,"D1","2-RM",5249.70091171349
"1553",2014,"D1","3-RM",6716.64878944201
"1554",2014,"D1","4-RM",6941.03610571682
"1555",2014,"D1","5-RM",6066.93620844564
"1556",2014,"D10","3-RM",5968.47622787781
"1557",2014,"D10","4-RM",6564.21703296703
"1558",2014,"D10","5-RM",6619.60411148041
"1559",2014,"D10","EXEC",6181.20589456206
"1560",2014,"D12","2-RM",5872.82013161144
"1561",2014,"D12","3-RM",5124.24291672156
"1562",2014,"D12","4-RM",5408.39200410008
"1563",2014,"D12","5-RM",5270.03188480684
"1564",2014,"D12","EXEC",5020.69859006585
"1565",2014,"D14","2-RM",5650.07410610712
"1566",2014,"D14","3-RM",5306.61469225981
"1567",2014,"D14","4-RM",5559.76090605664
"1568",2014,"D14","5-RM",5635.95783430167
"1569",2014,"D14","EXEC",5099.89167622242
"1570",2014,"D16","2-RM",5840.0064559533
"1571",2014,"D16","3-RM",5067.67225613341
"1572",2014,"D16","4-RM",5002.70805198006
"1573",2014,"D16","5-RM",5157.87080978009
"1574",2014,"D16","EXEC",4632.29873996659
"1575",2014,"D18","3-RM",4815.79337801955
"1576",2014,"D18","4-RM",4332.16085302392
"1577",2014,"D18","5-RM",4462.62757029493
"1578",2014,"D18","EXEC",4451.1836051625
"1579",2014,"D19","2-RM",5722.22222222222
"1580",2014,"D19","3-RM",4854.11329800338
"1581",2014,"D19","4-RM",4722.68687128257
"1582",2014,"D19","5-RM",4365.93688286012
"1583",2014,"D19","EXEC",4580.72920744996
"1584",2014,"D20","2-RM",5996.02846648301
"1585",2014,"D20","3-RM",4954.95616309639
"1586",2014,"D20","4-RM",5269.88560473043
"1587",2014,"D20","5-RM",5627.11666980373
"1588",2014,"D20","EXEC",5689.23638685638
"1589",2014,"D22","2-RM",5249.93274368027
"1590",2014,"D22","3-RM",4548.7726693146
"1591",2014,"D22","4-RM",4197.59519805467
"1592",2014,"D22","5-RM",4161.59324839583
"1593",2014,"D22","EXEC",4295.65839084665
"1594",2014,"D23","3-RM",4464.16499859199
"1595",2014,"D23","4-RM",4121.7041290081
"1596",2014,"D23","5-RM",4149.71660112982
"1597",2014,"D23","EXEC",4215.07528159307
"1598",2014,"D25","2-RM",5414.81481481481
"1599",2014,"D25","3-RM",4310.3838252592
"1600",2014,"D25","4-RM",3922.22291882185
"1601",2014,"D25","5-RM",3734.45088571454
"1602",2014,"D25","EXEC",4005.20115331787
"1603",2014,"D27","2-RM",6000
"1604",2014,"D27","3-RM",4453.38972828923
"1605",2014,"D27","4-RM",4086.74202904347
"1606",2014,"D27","5-RM",3952.01077982644
"1607",2014,"D27","EXEC",3962.85469382313
"1608",2014,"D3","1-RM",7168.54838709677
"1609",2014,"D3","2-RM",6016.36470223386
"1610",2014,"D3","3-RM",5988.01798042873
"1611",2014,"D3","4-RM",7033.18552760736
"1612",2014,"D3","5-RM",6671.86374295318
"1613",2014,"D3","EXEC",6078.43137254902
"1614",2014,"D5","2-RM",5920.45454545455
"1615",2014,"D5","3-RM",5217.57112097633
"1616",2014,"D5","4-RM",5565.64675978378
"1617",2014,"D5","5-RM",5782.11660356858
"1618",2014,"D5","EXEC",5698.76535679873
"1619",2015,"D1","2-RM",5340.43792219893
"1620",2015,"D1","3-RM",6683.89894072829
"1621",2015,"D1","4-RM",8541.05768599249
"1622",2015,"D1","5-RM",9068.75202048846
"1623",2015,"D10","3-RM",6053.76688630918
"1624",2015,"D10","4-RM",6577.5051717945
"1625",2015,"D10","5-RM",6513.86092544609
"1626",2015,"D10","EXEC",6433.45119024362
"1627",2015,"D12","2-RM",5929.36245790034
"1628",2015,"D12","3-RM",4861.25931161169
"1629",2015,"D12","4-RM",5266.2923290711
"1630",2015,"D12","5-RM",5200.62660007409
"1631",2015,"D12","EXEC",4893.5148450533
"1632",2015,"D14","2-RM",5348.52393522756
"1633",2015,"D14","3-RM",5132.91747251305
"1634",2015,"D14","4-RM",5644.50840073313
"1635",2015,"D14","5-RM",5605.77166186613
"1636",2015,"D14","EXEC",4861.3267158882
"1637",2015,"D16","2-RM",5435.61935140883
"1638",2015,"D16","3-RM",4707.56128439019
"1639",2015,"D16","4-RM",4778.00589390673
"1640",2015,"D16","5-RM",5028.93031494113
"1641",2015,"D16","EXEC",4758.16694112236
"1642",2015,"D18","3-RM",4548.24436721524
"1643",2015,"D18","4-RM",4117.31845268949
"1644",2015,"D18","5-RM",4129.73721223527
"1645",2015,"D18","EXEC",4337.94889408191
"1646",2015,"D19","2-RM",5585.18518518519
"1647",2015,"D19","3-RM",4518.14670911892
"1648",2015,"D19","4-RM",4460.44808757736
"1649",2015,"D19","5-RM",4111.58413625482
"1650",2015,"D19","EXEC",4413.26232208953
"1651",2015,"D20","2-RM",5500.23767082591
"1652",2015,"D20","3-RM",4717.29262908319
"1653",2015,"D20","4-RM",5206.88320722809
"1654",2015,"D20","5-RM",5603.50473348003
"1655",2015,"D20","EXEC",5734.51189360215
"1656",2015,"D22","2-RM",4638.59649122807
"1657",2015,"D22","3-RM",4275.78351764468
"1658",2015,"D22","4-RM",4013.64382734386
"1659",2015,"D22","5-RM",4020.57193122262
"1660",2015,"D22","EXEC",4203.83071334032
"1661",2015,"D23","2-RM",5347.82608695652
"1662",2015,"D23","3-RM",4164.13816659616
"1663",2015,"D23","4-RM",3797.14401833908
"1664",2015,"D23","5-RM",3873.95882671316
"1665",2015,"D23","EXEC",4135.77348229716
"1666",2015,"D25","2-RM",5111.11111111111
"1667",2015,"D25","3-RM",4015.1344187792
"1668",2015,"D25","4-RM",3694.29478674693
"1669",2015,"D25","5-RM",3565.92334359759
"1670",2015,"D25","EXEC",3905.08278715271
"1671",2015,"D27","3-RM",4223.92871897574
"1672",2015,"D27","4-RM",3868.56463900454
"1673",2015,"D27","5-RM",3745.06923377816
"1674",2015,"D27","EXEC",3868.37837757173
"1675",2015,"D3","1-RM",6713.26164874552
"1676",2015,"D3","2-RM",5754.59375795346
"1677",2015,"D3","3-RM",5862.17306916865
"1678",2015,"D3","4-RM",6991.84965510981
"1679",2015,"D3","5-RM",6743.51521833493
"1680",2015,"D3","EXEC",6004.06589667831
"1681",2015,"D5","2-RM",6250
"1682",2015,"D5","3-RM",4908.75575084528
"1683",2015,"D5","4-RM",5701.42689284638
"1684",2015,"D5","5-RM",5593.50436284271
"1685",2015,"D5","EXEC",5449.3799122786
"1686",2016,"D1","2-RM",5180.55555555556
"1687",2016,"D1","3-RM",6814.29218118044
"1688",2016,"D1","4-RM",8143.56907362926
"1689",2016,"D1","5-RM",9041.7363036765
"1690",2016,"D10","3-RM",5516.44900786483
"1691",2016,"D10","4-RM",6447.27033168247
"1692",2016,"D10","5-RM",6772.98392950512
"1693",2016,"D10","EXEC",6519.74492205952
"1694",2016,"D12","2-RM",5554.00560553709
"1695",2016,"D12","3-RM",4709.71942701934
"1696",2016,"D12","4-RM",5392.2077207342
"1697",2016,"D12","5-RM",5272.95430908656
"1698",2016,"D12","EXEC",5217.50817547213
"1699",2016,"D14","2-RM",5219.00390523629
"1700",2016,"D14","3-RM",5142.24436825756
"1701",2016,"D14","4-RM",5810.05488456162
"1702",2016,"D14","5-RM",6306.99545519147
"1703",2016,"D14","EXEC",5042.59041309622
"1704",2016,"D16","2-RM",5316.33838383838
"1705",2016,"D16","3-RM",4696.65170217319
"1706",2016,"D16","4-RM",4728.51391521556
"1707",2016,"D16","5-RM",4977.31846368196
"1708",2016,"D16","EXEC",4855.12769465661
"1709",2016,"D18","2-RM",5306.39730639731
"1710",2016,"D18","3-RM",4533.42928674492
"1711",2016,"D18","4-RM",4174.71482752717
"1712",2016,"D18","5-RM",4245.52508207812
"1713",2016,"D18","EXEC",4309.06044116431
"1714",2016,"D19","2-RM",5648.36303460133
"1715",2016,"D19","3-RM",4556.45419734923
"1716",2016,"D19","4-RM",4447.03522038836
"1717",2016,"D19","5-RM",4081.48715990755
"1718",2016,"D19","EXEC",4352.3181691747
"1719",2016,"D20","2-RM",5549.65127465127
"1720",2016,"D20","3-RM",4669.96167148473
"1721",2016,"D20","4-RM",5484.93137910984
"1722",2016,"D20","5-RM",5935.38808987618
"1723",2016,"D20","EXEC",5592.29872770624
"1724",2016,"D22","2-RM",4593.4473497517
"1725",2016,"D22","3-RM",4228.33231921237
"1726",2016,"D22","4-RM",4037.32370287343
"1727",2016,"D22","5-RM",4154.31881383082
"1728",2016,"D22","EXEC",4214.54778484992
"1729",2016,"D23","2-RM",5351.73913043478
"1730",2016,"D23","3-RM",4064.78234770774
"1731",2016,"D23","4-RM",3767.87244039543
"1732",2016,"D23","5-RM",3831.83257231727
"1733",2016,"D23","EXEC",4092.9797722417
"1734",2016,"D25","3-RM",3941.25569610785
"1735",2016,"D25","4-RM",3653.04334357822
"1736",2016,"D25","5-RM",3574.38048723132
"1737",2016,"D25","EXEC",3882.56538396579
"1738",2016,"D27","2-RM",5599.68888888889
"1739",2016,"D27","3-RM",4218.39152311172
"1740",2016,"D27","4-RM",3915.97274700274
"1741",2016,"D27","5-RM",3713.41051023441
"1742",2016,"D27","EXEC",3849.76087823046
"1743",2016,"D3","1-RM",6858.06451612903
"1744",2016,"D3","2-RM",5699.69400237239
"1745",2016,"D3","3-RM",5835.83404338194
"1746",2016,"D3","4-RM",7048.86599578894
"1747",2016,"D3","5-RM",6556.7450600725
"1748",2016,"D3","EXEC",6391.39079147641
"1749",2016,"D5","2-RM",6090.90909090909
"1750",2016,"D5","3-RM",4914.00422599286
"1751",2016,"D5","4-RM",5715.02659710813
"1752",2016,"D5","5-RM",6000.41690721013
"1753",2016,"D5","EXEC",5415.2198680883
"1754",2017,"D1","2-RM",4762.43445583068
"1755",2017,"D1","3-RM",6522.50829861572
"1756",2017,"D1","4-RM",8174.02988187985
"1757",2017,"D1","5-RM",8834.64016320772
"1758",2017,"D10","3-RM",6162.51274866429
"1759",2017,"D10","4-RM",6457.19665343475
"1760",2017,"D10","5-RM",6711.15132886239
"1761",2017,"D10","EXEC",6363.69790058784
"1762",2017,"D12","2-RM",4997.66374067442
"1763",2017,"D12","3-RM",4751.21911341609
"1764",2017,"D12","4-RM",5569.93088004747
"1765",2017,"D12","5-RM",6116.24002496915
"1766",2017,"D12","EXEC",5115.4547891164
"1767",2017,"D14","2-RM",4989.76304723203
"1768",2017,"D14","3-RM",4857.82647693541
"1769",2017,"D14","4-RM",5778.68744172226
"1770",2017,"D14","5-RM",6009.37680916642
"1771",2017,"D14","EXEC",5360.77148804908
"1772",2017,"D16","2-RM",5264.59948320413
"1773",2017,"D16","3-RM",4661.99980683575
"1774",2017,"D16","4-RM",4860.6142734053
"1775",2017,"D16","5-RM",4998.43995610921
"1776",2017,"D16","EXEC",4959.13823856611
"1777",2017,"D18","2-RM",5495.1690821256
"1778",2017,"D18","3-RM",4554.30102064507
"1779",2017,"D18","4-RM",4185.27330198584
"1780",2017,"D18","5-RM",4283.79181056341
"1781",2017,"D18","EXEC",4339.91349448013
"1782",2017,"D19","2-RM",5528.14871823773
"1783",2017,"D19","3-RM",4574.1266596474
"1784",2017,"D19","4-RM",4492.40799144834
"1785",2017,"D19","5-RM",4075.58753317812
"1786",2017,"D19","EXEC",4341.93248904473
"1787",2017,"D20","2-RM",5273.25428194993
"1788",2017,"D20","3-RM",4539.50380970536
"1789",2017,"D20","4-RM",5620.90605146618
"1790",2017,"D20","5-RM",6207.55857762408
"1791",2017,"D20","EXEC",5959.12376311019
"1792",2017,"D22","2-RM",4866.88181606444
"1793",2017,"D22","3-RM",3997.92133421241
"1794",2017,"D22","4-RM",3917.31496731052
"1795",2017,"D22","5-RM",4034.51547483442
"1796",2017,"D22","EXEC",4185.85901058676
"1797",2017,"D23","2-RM",5362.31884057971
"1798",2017,"D23","3-RM",3979.9264822418
"1799",2017,"D23","4-RM",3828.10292994852
"1800",2017,"D23","5-RM",3889.16877276691
"1801",2017,"D23","EXEC",4066.51203324084
"1802",2017,"D25","2-RM",4177.77777777778
"1803",2017,"D25","3-RM",3861.04774691421
"1804",2017,"D25","4-RM",3576.01642697363
"1805",2017,"D25","5-RM",3482.91943226356
"1806",2017,"D25","EXEC",3884.6287691643
"1807",2017,"D27","2-RM",5229.08687943262
"1808",2017,"D27","3-RM",4088.4782034455
"1809",2017,"D27","4-RM",3787.45052824557
"1810",2017,"D27","5-RM",3697.33269976431
"1811",2017,"D27","EXEC",3768.52723383808
"1812",2017,"D3","1-RM",6480.28673835125
"1813",2017,"D3","2-RM",5519.94676958778
"1814",2017,"D3","3-RM",5950.17274157385
"1815",2017,"D3","4-RM",7176.37046356185
"1816",2017,"D3","5-RM",6609.74747062232
"1817",2017,"D3","EXEC",6374.551849134
"1818",2017,"D5","2-RM",6938.77551020408
"1819",2017,"D5","3-RM",4958.85481319459
"1820",2017,"D5","4-RM",5988.79776460403
"1821",2017,"D5","5-RM",6285.53874778829
"1822",2017,"D5","EXEC",5574.60391983316
"1823",2018,"D1","2-RM",5328.36914581047
"1824",2018,"D1","3-RM",6349.86638445631
"1825",2018,"D1","4-RM",8317.70139837211
"1826",2018,"D1","5-RM",8860.81752810876
"1827",2018,"D10","3-RM",5899.21237139266
"1828",2018,"D10","4-RM",6437.66188653508
"1829",2018,"D10","5-RM",6606.46791585025
"1830",2018,"D10","EXEC",6520.89092831275
"1831",2018,"D12","2-RM",4831.31312164767
"1832",2018,"D12","3-RM",4379.19995151837
"1833",2018,"D12","4-RM",5657.51030689051
"1834",2018,"D12","5-RM",6039.10028167279
"1835",2018,"D12","EXEC",5077.0053325878
"1836",2018,"D14","2-RM",4704.06156926923
"1837",2018,"D14","3-RM",4774.19358904512
"1838",2018,"D14","4-RM",5870.7953497068
"1839",2018,"D14","5-RM",6181.84444319834
"1840",2018,"D14","EXEC",5101.80506977744
"1841",2018,"D16","2-RM",4922.1238357602
"1842",2018,"D16","3-RM",4509.19819985006
"1843",2018,"D16","4-RM",4791.6944983555
"1844",2018,"D16","5-RM",5129.63515831168
"1845",2018,"D16","EXEC",4912.4019951199
"1846",2018,"D18","2-RM",5874.73058342624
"1847",2018,"D18","3-RM",4607.07389342116
"1848",2018,"D18","4-RM",4165.31755795541
"1849",2018,"D18","5-RM",4261.75594939694
"1850",2018,"D18","EXEC",4455.36278298162
"1851",2018,"D19","2-RM",5326.73590139715
"1852",2018,"D19","3-RM",4632.23990752932
"1853",2018,"D19","4-RM",4490.7019743675
"1854",2018,"D19","5-RM",4106.62154327691
"1855",2018,"D19","EXEC",4439.00531515111
"1856",2018,"D20","2-RM",4821.9696969697
"1857",2018,"D20","3-RM",4228.9490001809
"1858",2018,"D20","4-RM",5536.87922295347
"1859",2018,"D20","5-RM",6090.03380578125
"1860",2018,"D20","EXEC",5801.43656197218
"1861",2018,"D22","2-RM",4863.92992257189
"1862",2018,"D22","3-RM",3866.96023023768
"1863",2018,"D22","4-RM",3822.41678629538
"1864",2018,"D22","5-RM",3903.92520649776
"1865",2018,"D22","EXEC",4128.48751992167
"1866",2018,"D23","2-RM",4807.58556891767
"1867",2018,"D23","3-RM",3857.80788468179
"1868",2018,"D23","4-RM",3717.09856413996
"1869",2018,"D23","5-RM",3827.90823032211
"1870",2018,"D23","EXEC",3964.57564124785
"1871",2018,"D25","2-RM",4222.22222222222
"1872",2018,"D25","3-RM",3842.56831174859
"1873",2018,"D25","4-RM",3462.2289877996
"1874",2018,"D25","5-RM",3401.7056988202
"1875",2018,"D25","EXEC",3801.21829964269
"1876",2018,"D27","2-RM",5047.28260869565
"1877",2018,"D27","3-RM",3889.41810412752
"1878",2018,"D27","4-RM",3653.75130520225
"1879",2018,"D27","5-RM",3612.61447553251
"1880",2018,"D27","EXEC",3730.43089376613
"1881",2018,"D3","1-RM",5939.06810035842
"1882",2018,"D3","2-RM",5415.1913546104
"1883",2018,"D3","3-RM",5699.63583134473
"1884",2018,"D3","4-RM",7210.39930998346
"1885",2018,"D3","5-RM",6829.74311241513
"1886",2018,"D3","EXEC",6774.82394936019
"1887",2018,"D5","2-RM",6486.83776540919
"1888",2018,"D5","3-RM",4702.42617491743
"1889",2018,"D5","4-RM",6143.22392812856
"1890",2018,"D5","5-RM",5815.70690344112
"1891",2018,"D5","EXEC",5557.14079915911
"1892",2019,"D1","2-RM",4305.96848993075
"1893",2019,"D1","3-RM",6420.93472298502
"1894",2019,"D1","4-RM",8059.39875946916
"1895",2019,"D1","5-RM",8707.02002289359
"1896",2019,"D10","3-RM",6058.68601446467
"1897",2019,"D10","4-RM",6346.0638174025
"1898",2019,"D10","5-RM",6605.84190093283
"1899",2019,"D10","EXEC",6536.70703117278
"1900",2019,"D12","2-RM",4610.43458207024
"1901",2019,"D12","3-RM",4165.89713525396
"1902",2019,"D12","4-RM",5415.29562733261
"1903",2019,"D12","5-RM",5773.67922562097
"1904",2019,"D12","EXEC",5007.02075403125
"1905",2019,"D14","2-RM",4432.6580765787
"1906",2019,"D14","3-RM",4790.05811310693
"1907",2019,"D14","4-RM",5817.31397389159
"1908",2019,"D14","5-RM",6052.31468184079
"1909",2019,"D14","EXEC",4986.35254757036
"1910",2019,"D16","2-RM",4691.71717171717
"1911",2019,"D16","3-RM",4297.96782623174
"1912",2019,"D16","4-RM",4653.35026297359
"1913",2019,"D16","5-RM",4883.49716107333
"1914",2019,"D16","EXEC",4833.86573457324
"1915",2019,"D18","2-RM",5696.88076278924
"1916",2019,"D18","3-RM",4763.36386096852
"1917",2019,"D18","4-RM",4364.55376510309
"1918",2019,"D18","5-RM",4341.2672326799
"1919",2019,"D18","EXEC",4417.74786031523
"1920",2019,"D19","2-RM",5208.53788813201
"1921",2019,"D19","3-RM",4704.87735670415
"1922",2019,"D19","4-RM",4601.40288881612
"1923",2019,"D19","5-RM",4393.81094031147
"1924",2019,"D19","EXEC",4486.4953779665
"1925",2019,"D20","2-RM",4410.32196969697
"1926",2019,"D20","3-RM",4096.95754155207
"1927",2019,"D20","4-RM",5137.92210587291
"1928",2019,"D20","5-RM",5837.7140973734
"1929",2019,"D20","EXEC",5786.04652383234
"1930",2019,"D22","2-RM",4972.17258017403
"1931",2019,"D22","3-RM",3776.26953028823
"1932",2019,"D22","4-RM",3803.72137006556
"1933",2019,"D22","5-RM",3883.24310744371
"1934",2019,"D22","EXEC",3959.9493477903
"1935",2019,"D23","2-RM",4956.50350204837
"1936",2019,"D23","3-RM",3885.58320614672
"1937",2019,"D23","4-RM",3763.18882409372
"1938",2019,"D23","5-RM",3829.9195284587
"1939",2019,"D23","EXEC",4023.80318656083
"1940",2019,"D25","2-RM",4715.65924838999
"1941",2019,"D25","3-RM",3769.74641723923
"1942",2019,"D25","4-RM",3506.86908954541
"1943",2019,"D25","5-RM",3376.4781990246
"1944",2019,"D25","EXEC",3807.89786919926
"1945",2019,"D27","2-RM",4837.4520648023
"1946",2019,"D27","3-RM",4006.98701296176
"1947",2019,"D27","4-RM",3884.35521581326
"1948",2019,"D27","5-RM",3887.09133049734
"1949",2019,"D27","EXEC",3733.76972603739
"1950",2019,"D3","1-RM",5672.34017595308
"1951",2019,"D3","2-RM",5422.93379563158
"1952",2019,"D3","3-RM",5475.10239558958
"1953",2019,"D3","4-RM",7151.71319448776
"1954",2019,"D3","5-RM",6690.41058306175
"1955",2019,"D3","EXEC",6915.14885524102
"1956",2019,"D5","2-RM",5771.50896722325
"1957",2019,"D5","3-RM",4484.96466357137
"1958",2019,"D5","4-RM",5695.85005011765
"1959",2019,"D5","5-RM",5783.6199460825
"1960",2019,"D5","EXEC",5367.87989938892
"1961",2020,"D1","2-RM",4570.29886023597
"1962",2020,"D1","3-RM",6295.69377585547
"1963",2020,"D1","4-RM",7741.92305524758
"1964",2020,"D1","5-RM",8828.04088553786
"1965",2020,"D10","3-RM",5690.73195052964
"1966",2020,"D10","4-RM",6276.07589442912
"1967",2020,"D10","5-RM",6938.25537438677
"1968",2020,"D10","EXEC",6444.7204178904
"1969",2020,"D12","2-RM",4583.40208193291
"1970",2020,"D12","3-RM",4217.40997653375
"1971",2020,"D12","4-RM",5358.59010928232
"1972",2020,"D12","5-RM",5612.38153365964
"1973",2020,"D12","EXEC",5116.3510331472
"1974",2020,"D14","2-RM",4384.42209070228
"1975",2020,"D14","3-RM",4649.57742862432
"1976",2020,"D14","4-RM",5809.36693551297
"1977",2020,"D14","5-RM",5832.90013031774
"1978",2020,"D14","EXEC",5159.38291061964
"1979",2020,"D16","2-RM",4789.96395287498
"1980",2020,"D16","3-RM",4385.84096566469
"1981",2020,"D16","4-RM",4856.07941708774
"1982",2020,"D16","5-RM",5062.38107711324
"1983",2020,"D16","EXEC",4834.72173407921
"1984",2020,"D18","2-RM",5596.14223486795
"1985",2020,"D18","3-RM",4908.86044506506
"1986",2020,"D18","4-RM",4590.29554915916
"1987",2020,"D18","5-RM",4476.78912149882
"1988",2020,"D18","EXEC",4478.01227945861
"1989",2020,"D19","2-RM",5335.60975645959
"1990",2020,"D19","3-RM",4941.62818581504
"1991",2020,"D19","4-RM",4759.92366887641
"1992",2020,"D19","5-RM",4586.1838599952
"1993",2020,"D19","EXEC",4471.59145182397
"1994",2020,"D20","2-RM",4661.14267676768
"1995",2020,"D20","3-RM",4234.10224298587
"1996",2020,"D20","4-RM",5132.7914377667
"1997",2020,"D20","5-RM",5840.39636479512
"1998",2020,"D20","EXEC",5801.65977694576
"1999",2020,"D22","2-RM",5021.39123834537
"2000",2020,"D22","3-RM",4066.37204406311
"2001",2020,"D22","4-RM",3971.35830440364
"2002",2020,"D22","5-RM",3985.38502806506
"2003",2020,"D22","EXEC",4119.20480957188
"2004",2020,"D23","2-RM",4941.53318077803
"2005",2020,"D23","3-RM",4191.90768540642
"2006",2020,"D23","4-RM",4055.6983986953
"2007",2020,"D23","5-RM",4115.79684011572
"2008",2020,"D23","EXEC",4069.07344974297
"2009",2020,"D25","2-RM",4814.5390070922
"2010",2020,"D25","3-RM",3880.51394438927
"2011",2020,"D25","4-RM",3674.33248067639
"2012",2020,"D25","5-RM",3536.76019050543
"2013",2020,"D25","EXEC",3881.08120594072
"2014",2020,"D27","2-RM",4914.56334932484
"2015",2020,"D27","3-RM",4164.32164805898
"2016",2020,"D27","4-RM",3983.47387795546
"2017",2020,"D27","5-RM",4033.91630162655
"2018",2020,"D27","EXEC",3887.98220252629
"2019",2020,"D3","1-RM",5806.45161290323
"2020",2020,"D3","2-RM",5400.40956882002
"2021",2020,"D3","3-RM",5702.90407861748
"2022",2020,"D3","4-RM",7733.9438606113
"2023",2020,"D3","5-RM",6771.18786810851
"2024",2020,"D3","EXEC",6600.40517570346
"2025",2020,"D5","2-RM",6324.89795918367
"2026",2020,"D5","3-RM",5026.33447603544
"2027",2020,"D5","4-RM",6379.52629145402
"2028",2020,"D5","5-RM",6570.79279449078
"2029",2020,"D5","EXEC",5262.47200706717
"2030",2021,"D1","2-RM",5159.68135637947
"2031",2021,"D1","3-RM",6609.61585109776
"2032",2021,"D1","4-RM",9245.12652112054
"2033",2021,"D1","5-RM",9446.2851280044
"2034",2021,"D10","3-RM",5934.44719137554
"2035",2021,"D10","4-RM",6200.05789002014
"2036",2021,"D10","5-RM",7017.04702115989
"2037",2021,"D10","EXEC",7038.00896134166
"2038",2021,"D12","2-RM",5520.02435039914
"2039",2021,"D12","3-RM",4775.1050781352
"2040",2021,"D12","4-RM",5939.29854066993
"2041",2021,"D12","5-RM",6268.69503577417
"2042",2021,"D12","EXEC",5652.27203823778
"2043",2021,"D14","2-RM",5225.82129961677
"2044",2021,"D14","3-RM",5393.19380123012
"2045",2021,"D14","4-RM",6546.93314047746
"2046",2021,"D14","5-RM",6308.84142376247
"2047",2021,"D14","EXEC",5623.09295783249
"2048",2021,"D16","2-RM",5609.88835044979
"2049",2021,"D16","3-RM",4955.42302400456
"2050",2021,"D16","4-RM",5285.36156582465
"2051",2021,"D16","5-RM",5417.86567647729
"2052",2021,"D16","EXEC",5349.94444150273
"2053",2021,"D18","2-RM",6223.95929694727
"2054",2021,"D18","3-RM",5337.97133565524
"2055",2021,"D18","4-RM",4947.6234550611
"2056",2021,"D18","5-RM",4905.35742292008
"2057",2021,"D18","EXEC",4847.5651482204
"2058",2021,"D19","2-RM",5945.79654956152
"2059",2021,"D19","3-RM",5460.97821491651
"2060",2021,"D19","4-RM",5182.49073203944
"2061",2021,"D19","5-RM",5015.00877361582
"2062",2021,"D19","EXEC",4875.39764268068
"2063",2021,"D20","2-RM",5146.60238751148
"2064",2021,"D20","3-RM",4789.76960646569
"2065",2021,"D20","4-RM",5569.13717691154
"2066",2021,"D20","5-RM",6154.32344341521
"2067",2021,"D20","EXEC",6082.11359763123
"2068",2021,"D22","2-RM",5616.85877171655
"2069",2021,"D22","3-RM",4699.46258736672
"2070",2021,"D22","4-RM",4564.87462647181
"2071",2021,"D22","5-RM",4450.78947253954
"2072",2021,"D22","EXEC",4610.65696159134
"2073",2021,"D23","2-RM",5814.92161042513
"2074",2021,"D23","3-RM",4824.50030986544
"2075",2021,"D23","4-RM",4690.88207110114
"2076",2021,"D23","5-RM",4676.45956134586
"2077",2021,"D23","EXEC",4663.32379394921
"2078",2021,"D25","2-RM",5609.56537552282
"2079",2021,"D25","3-RM",4570.86883615988
"2080",2021,"D25","4-RM",4304.6504783593
"2081",2021,"D25","5-RM",4171.23235839649
"2082",2021,"D25","EXEC",4449.27440346105
"2083",2021,"D27","2-RM",5613.4609643836
"2084",2021,"D27","3-RM",4812.98745475903
"2085",2021,"D27","4-RM",4607.03641164797
"2086",2021,"D27","5-RM",4548.19298918403
"2087",2021,"D27","EXEC",4428.79270166323
"2088",2021,"D3","1-RM",6362.00716845878
"2089",2021,"D3","2-RM",5985.1230503302
"2090",2021,"D3","3-RM",6114.48108059833
"2091",2021,"D3","4-RM",8063.72967794857
"2092",2021,"D3","5-RM",7262.08351321808
"2093",2021,"D3","EXEC",6376.01404471931
"2094",2021,"D5","2-RM",6686.55102040816
"2095",2021,"D5","3-RM",5416.136658406
"2096",2021,"D5","4-RM",7203.70249752524
"2097",2021,"D5","5-RM",6560.51520566633
"2098",2021,"D5","EXEC",5648.74257346227
"2099",2022,"D1","2-RM",5745.13513094174
"2100",2022,"D1","3-RM",6889.83881465587
"2101",2022,"D1","4-RM",9193.19276362449
"2102",2022,"D1","5-RM",10270.9153243592
"2103",2022,"D10","3-RM",6182.16406641515
"2104",2022,"D10","4-RM",6804.19288561002
"2105",2022,"D10","5-RM",7284.47385667955
"2106",2022,"D10","EXEC",7985.23515981735
"2107",2022,"D12","2-RM",6049.23188089243
"2108",2022,"D12","3-RM",5573.53486754261
"2109",2022,"D12","4-RM",6787.92275849952
"2110",2022,"D12","5-RM",6757.04528446036
"2111",2022,"D12","EXEC",6211.19855501954
"2112",2022,"D14","2-RM",5591.95282317815
"2113",2022,"D14","3-RM",5994.24816870415
"2114",2022,"D14","4-RM",7519.33032969763
"2115",2022,"D14","5-RM",6999.3611836087
"2116",2022,"D14","EXEC",6147.95391403446
"2117",2022,"D16","2-RM",5990.7389497815
"2118",2022,"D16","3-RM",5325.69192658519
"2119",2022,"D16","4-RM",5536.71070638375
"2120",2022,"D16","5-RM",5803.27067694912
"2121",2022,"D16","EXEC",5675.96362391409
"2122",2022,"D18","2-RM",6921.9836719483
"2123",2022,"D18","3-RM",5773.72882229248
"2124",2022,"D18","4-RM",5282.27869961761
"2125",2022,"D18","5-RM",5188.16936320864
"2126",2022,"D18","EXEC",5428.11447533774
"2127",2022,"D19","2-RM",6807.62974525089
"2128",2022,"D19","3-RM",5977.77626550985
"2129",2022,"D19","4-RM",5695.45820163929
"2130",2022,"D19","5-RM",5428.43666921259
"2131",2022,"D19","EXEC",5342.00194647957
"2132",2022,"D20","2-RM",5837.24494949495
"2133",2022,"D20","3-RM",5381.81519326498
"2134",2022,"D20","4-RM",6396.9769615666
"2135",2022,"D20","5-RM",6964.2808115176
"2136",2022,"D20","EXEC",6772.91513268771
"2137",2022,"D22","2-RM",6285.8498549323
"2138",2022,"D22","3-RM",5058.3151984161
"2139",2022,"D22","4-RM",4962.23163523436
"2140",2022,"D22","5-RM",4857.78371186274
"2141",2022,"D22","EXEC",4817.19023722919
"2142",2022,"D23","2-RM",6215.43838010073
"2143",2022,"D23","3-RM",5300.54944165438
"2144",2022,"D23","4-RM",5095.77992326739
"2145",2022,"D23","5-RM",5151.02014104113
"2146",2022,"D23","EXEC",5076.35911179892
"2147",2022,"D25","2-RM",6549.84349699243
"2148",2022,"D25","3-RM",5135.93404586468
"2149",2022,"D25","4-RM",4855.25000633177
"2150",2022,"D25","5-RM",4677.1448171945
"2151",2022,"D25","EXEC",4954.34923357442
"2152",2022,"D27","2-RM",6669.80335682523
"2153",2022,"D27","3-RM",5464.12182980298
"2154",2022,"D27","4-RM",5095.79511806304
"2155",2022,"D27","5-RM",5165.39212529751
"2156",2022,"D27","EXEC",4981.17518390589
"2157",2022,"D3","1-RM",7419.35483870968
"2158",2022,"D3","2-RM",6606.39686689911
"2159",2022,"D3","3-RM",6597.69964714683
"2160",2022,"D3","4-RM",8234.77260007312
"2161",2022,"D3","5-RM",7548.95117483945
"2162",2022,"D3","EXEC",7778.64904369277
"2163",2022,"D5","2-RM",7554.74612244898
"2164",2022,"D5","3-RM",6140.40345517335
"2165",2022,"D5","4-RM",7223.93807117916
"2166",2022,"D5","5-RM",7292.56204419077
"2167",2022,"D5","EXEC",5938.54785436496
