District.,Property.Type.,Year,avg_psf
D1,HDB 2 Rooms,1990,55.48258889
D1,HDB 2 Rooms,1991,58.30947271
D1,HDB 2 Rooms,1992,63.05135327
D1,HDB 2 Rooms,1993,91.25157239
D1,HDB 2 Rooms,1994,115.3771652
D1,HDB 2 Rooms,1995,146.237249
D1,HDB 2 Rooms,1996,185.9105361
D1,HDB 2 Rooms,1997,231.4535159
D1,HDB 2 Rooms,1998,189.7636441
D1,HDB 2 Rooms,1999,174.9920322
D1,HDB 2 Rooms,2000,163.3292051
D1,HDB 2 Rooms,2001,173.2829566
D1,HDB 2 Rooms,2002,196.6441841
D1,HDB 2 Rooms,2003,200.9924709
D1,HDB 2 Rooms,2004,219.083077
D1,HDB 2 Rooms,2005,224.5135838
D1,HDB 2 Rooms,2006,225.3763351
D1,HDB 2 Rooms,2007,269.9801187
D1,HDB 2 Rooms,2008,332.7169211
D1,HDB 2 Rooms,2009,361.7750072
D1,HDB 2 Rooms,2010,431.0691565
D1,HDB 2 Rooms,2011,473.2920921
D1,HDB 2 Rooms,2012,514.6503591
D1,HDB 2 Rooms,2013,539.1649734
D1,HDB 2 Rooms,2014,487.713623
D1,HDB 2 Rooms,2015,496.1435911
D1,HDB 2 Rooms,2016,481.2897742
D1,HDB 2 Rooms,2017,442.4450246
D1,HDB 2 Rooms,2018,495.0220645
D1,HDB 2 Rooms,2019,400.0379354
D1,HDB 2 Rooms,2020,424.5949682
D1,HDB 2 Rooms,2021,479.3506536
D1,HDB 2 Rooms,2022,529.94464
D1,HDB 3 Rooms,1990,86.13211754
D1,HDB 3 Rooms,1991,86.36522144
D1,HDB 3 Rooms,1992,98.80265471
D1,HDB 3 Rooms,1993,131.2682139
D1,HDB 3 Rooms,1994,171.7495517
D1,HDB 3 Rooms,1995,211.2108303
D1,HDB 3 Rooms,1996,283.3153359
D1,HDB 3 Rooms,1997,317.7831678
D1,HDB 3 Rooms,1998,263.1598162
D1,HDB 3 Rooms,1999,244.2570835
D1,HDB 3 Rooms,2000,265.0962803
D1,HDB 3 Rooms,2001,252.1972635
D1,HDB 3 Rooms,2002,259.1494662
D1,HDB 3 Rooms,2003,287.6496409
D1,HDB 3 Rooms,2004,296.3976714
D1,HDB 3 Rooms,2005,299.8600795
D1,HDB 3 Rooms,2006,309.06395
D1,HDB 3 Rooms,2007,363.2617446
D1,HDB 3 Rooms,2008,435.454898
D1,HDB 3 Rooms,2009,458.3761651
D1,HDB 3 Rooms,2010,528.6100229
D1,HDB 3 Rooms,2011,578.5326366
D1,HDB 3 Rooms,2012,636.0616555
D1,HDB 3 Rooms,2013,649.3232505
D1,HDB 3 Rooms,2014,623.9977176
D1,HDB 3 Rooms,2015,620.9551442
D1,HDB 3 Rooms,2016,633.0690433
D1,HDB 3 Rooms,2017,605.9613469
D1,HDB 3 Rooms,2018,589.9224539
D1,HDB 3 Rooms,2019,596.5249275
D1,HDB 3 Rooms,2020,584.8897022
D1,HDB 3 Rooms,2021,614.0539933
D1,HDB 3 Rooms,2022,640.0875733
D1,HDB 4 Rooms,1990,114.2763798
D1,HDB 4 Rooms,1991,116.5245108
D1,HDB 4 Rooms,1992,125.7484978
D1,HDB 4 Rooms,1993,186.8704853
D1,HDB 4 Rooms,1994,230.172837
D1,HDB 4 Rooms,1995,282.3791098
D1,HDB 4 Rooms,1996,343.7136942
D1,HDB 4 Rooms,1997,375.9671741
D1,HDB 4 Rooms,1998,311.4307588
D1,HDB 4 Rooms,1999,290.0655654
D1,HDB 4 Rooms,2000,308.914178
D1,HDB 4 Rooms,2001,288.6064531
D1,HDB 4 Rooms,2002,301.232562
D1,HDB 4 Rooms,2003,306.8385109
D1,HDB 4 Rooms,2004,310.4933549
D1,HDB 4 Rooms,2005,306.6974364
D1,HDB 4 Rooms,2006,313.212878
D1,HDB 4 Rooms,2007,374.2055261
D1,HDB 4 Rooms,2008,433.766196
D1,HDB 4 Rooms,2009,461.4721287
D1,HDB 4 Rooms,2010,519.120452
D1,HDB 4 Rooms,2011,563.5423344
D1,HDB 4 Rooms,2012,609.3215341
D1,HDB 4 Rooms,2013,602.2089955
D1,HDB 4 Rooms,2014,644.8440112
D1,HDB 4 Rooms,2015,793.4909563
D1,HDB 4 Rooms,2016,756.5630633
D1,HDB 4 Rooms,2017,759.392984
D1,HDB 4 Rooms,2018,772.7404444
D1,HDB 4 Rooms,2019,748.7433845
D1,HDB 4 Rooms,2020,719.2488424
D1,HDB 4 Rooms,2021,858.9012037
D1,HDB 4 Rooms,2022,857.2055912
D1,HDB 5 Rooms,1990,147.3248544
D1,HDB 5 Rooms,1991,150.7383012
D1,HDB 5 Rooms,1993,212.2813293
D1,HDB 5 Rooms,1994,226.9170561
D1,HDB 5 Rooms,1995,293.3343553
D1,HDB 5 Rooms,1996,335.3818474
D1,HDB 5 Rooms,1997,362.1231617
D1,HDB 5 Rooms,1998,294.8020699
D1,HDB 5 Rooms,1999,285.6377955
D1,HDB 5 Rooms,2000,284.8670092
D1,HDB 5 Rooms,2001,241.1053614
D1,HDB 5 Rooms,2002,198.7662464
D1,HDB 5 Rooms,2003,260.9439887
D1,HDB 5 Rooms,2004,251.8650303
D1,HDB 5 Rooms,2005,206.7377995
D1,HDB 5 Rooms,2006,272.53288
D1,HDB 5 Rooms,2007,351.1859085
D1,HDB 5 Rooms,2008,408.297643
D1,HDB 5 Rooms,2009,393.4792842
D1,HDB 5 Rooms,2010,420.5240433
D1,HDB 5 Rooms,2011,536.2503368
D1,HDB 5 Rooms,2012,574.6942593
D1,HDB 5 Rooms,2013,543.5505099
D1,HDB 5 Rooms,2014,563.637715
D1,HDB 5 Rooms,2015,842.515339
D1,HDB 5 Rooms,2016,840.005537
D1,HDB 5 Rooms,2017,820.7656732
D1,HDB 5 Rooms,2018,823.1976638
D1,HDB 5 Rooms,2019,808.9093293
D1,HDB 5 Rooms,2020,820.1526464
D1,HDB 5 Rooms,2021,877.5894171
D1,HDB 5 Rooms,2022,954.2001319
D1,HDB Executive,2000,267.8806009
D1,HDB Executive,2009,340.6451193
D10,HDB 3 Rooms,1990,55.26026812
D10,HDB 3 Rooms,1991,61.2450612
D10,HDB 3 Rooms,1992,82.19111317
D10,HDB 3 Rooms,1993,107.948966
D10,HDB 3 Rooms,1994,149.3795103
D10,HDB 3 Rooms,1995,175.2530555
D10,HDB 3 Rooms,1996,246.305267
D10,HDB 3 Rooms,1997,276.4483133
D10,HDB 3 Rooms,1998,220.8700909
D10,HDB 3 Rooms,1999,208.8703908
D10,HDB 3 Rooms,2000,237.8865931
D10,HDB 3 Rooms,2001,233.4853685
D10,HDB 3 Rooms,2002,245.9647526
D10,HDB 3 Rooms,2003,253.7736322
D10,HDB 3 Rooms,2004,269.0441463
D10,HDB 3 Rooms,2005,264.3498838
D10,HDB 3 Rooms,2006,263.702422
D10,HDB 3 Rooms,2007,303.5099835
D10,HDB 3 Rooms,2008,403.0098974
D10,HDB 3 Rooms,2009,445.7490906
D10,HDB 3 Rooms,2010,478.3573798
D10,HDB 3 Rooms,2011,556.7400704
D10,HDB 3 Rooms,2012,596.7442761
D10,HDB 3 Rooms,2013,603.7246026
D10,HDB 3 Rooms,2014,554.4899154
D10,HDB 3 Rooms,2015,562.4139153
D10,HDB 3 Rooms,2016,512.495471
D10,HDB 3 Rooms,2017,572.5168542
D10,HDB 3 Rooms,2018,548.0552794
D10,HDB 3 Rooms,2019,562.8707996
D10,HDB 3 Rooms,2020,528.6867214
D10,HDB 3 Rooms,2021,551.3286934
D10,HDB 3 Rooms,2022,574.3423232
D10,HDB 4 Rooms,1990,82.46902455
D10,HDB 4 Rooms,1991,91.33381024
D10,HDB 4 Rooms,1992,104.9666013
D10,HDB 4 Rooms,1993,149.0677171
D10,HDB 4 Rooms,1994,206.1889346
D10,HDB 4 Rooms,1995,249.5248668
D10,HDB 4 Rooms,1996,338.9997585
D10,HDB 4 Rooms,1997,341.0479554
D10,HDB 4 Rooms,1998,285.5318647
D10,HDB 4 Rooms,1999,270.0084515
D10,HDB 4 Rooms,2000,300.1373108
D10,HDB 4 Rooms,2001,280.9024057
D10,HDB 4 Rooms,2002,263.1815606
D10,HDB 4 Rooms,2003,267.7793665
D10,HDB 4 Rooms,2004,268.3311423
D10,HDB 4 Rooms,2005,265.3524413
D10,HDB 4 Rooms,2006,274.852912
D10,HDB 4 Rooms,2007,295.2231322
D10,HDB 4 Rooms,2008,394.2010466
D10,HDB 4 Rooms,2009,393.9081816
D10,HDB 4 Rooms,2010,455.5296407
D10,HDB 4 Rooms,2011,497.3041834
D10,HDB 4 Rooms,2012,543.4511655
D10,HDB 4 Rooms,2013,584.5180312
D10,HDB 4 Rooms,2014,609.8363511
D10,HDB 4 Rooms,2015,611.0708015
D10,HDB 4 Rooms,2016,598.9717482
D10,HDB 4 Rooms,2017,599.893825
D10,HDB 4 Rooms,2018,598.078896
D10,HDB 4 Rooms,2019,589.5691352
D10,HDB 4 Rooms,2020,583.0671852
D10,HDB 4 Rooms,2021,576.0048345
D10,HDB 4 Rooms,2022,632.1308185
D10,HDB 5 Rooms,1990,113.7716946
D10,HDB 5 Rooms,1991,121.6095003
D10,HDB 5 Rooms,1992,141.7463311
D10,HDB 5 Rooms,1993,188.7686674
D10,HDB 5 Rooms,1994,250.390911
D10,HDB 5 Rooms,1995,319.4695231
D10,HDB 5 Rooms,1996,394.923805
D10,HDB 5 Rooms,1997,396.4893927
D10,HDB 5 Rooms,1998,331.8967359
D10,HDB 5 Rooms,1999,313.6780246
D10,HDB 5 Rooms,2000,337.3576706
D10,HDB 5 Rooms,2001,323.8289683
D10,HDB 5 Rooms,2002,305.3757095
D10,HDB 5 Rooms,2003,302.3076423
D10,HDB 5 Rooms,2004,299.1006431
D10,HDB 5 Rooms,2005,273.8761044
D10,HDB 5 Rooms,2006,265.2189262
D10,HDB 5 Rooms,2007,327.4463717
D10,HDB 5 Rooms,2008,413.2365163
D10,HDB 5 Rooms,2009,424.3007233
D10,HDB 5 Rooms,2010,464.8474777
D10,HDB 5 Rooms,2011,576.0230957
D10,HDB 5 Rooms,2012,578.3524426
D10,HDB 5 Rooms,2013,601.8218304
D10,HDB 5 Rooms,2014,614.9819071
D10,HDB 5 Rooms,2015,605.1581882
D10,HDB 5 Rooms,2016,629.2314695
D10,HDB 5 Rooms,2017,623.4869247
D10,HDB 5 Rooms,2018,613.761522
D10,HDB 5 Rooms,2019,613.7033665
D10,HDB 5 Rooms,2020,644.585683
D10,HDB 5 Rooms,2021,651.9056345
D10,HDB 5 Rooms,2022,676.7504756
D10,HDB Executive,1992,196.2745845
D10,HDB Executive,1993,230.6077223
D10,HDB Executive,1994,273.3461873
D10,HDB Executive,1995,346.1885607
D10,HDB Executive,1996,418.2096715
D10,HDB Executive,1997,410.2655002
D10,HDB Executive,1998,348.5818669
D10,HDB Executive,1999,306.608812
D10,HDB Executive,2000,341.7423673
D10,HDB Executive,2001,333.6221382
D10,HDB Executive,2002,319.4200058
D10,HDB Executive,2003,301.2116426
D10,HDB Executive,2004,299.1191235
D10,HDB Executive,2005,267.3273937
D10,HDB Executive,2006,275.1369266
D10,HDB Executive,2007,349.6209195
D10,HDB Executive,2008,412.3952594
D10,HDB Executive,2009,398.8970759
D10,HDB Executive,2010,426.7590123
D10,HDB Executive,2011,487.81817
D10,HDB Executive,2012,521.7653453
D10,HDB Executive,2013,593.5346854
D10,HDB Executive,2014,574.2535234
D10,HDB Executive,2015,597.687734
D10,HDB Executive,2016,605.7047167
D10,HDB Executive,2017,591.2074334
D10,HDB Executive,2018,605.8112235
D10,HDB Executive,2019,607.2806325
D10,HDB Executive,2020,598.7346594
D10,HDB Executive,2021,653.8531573
D10,HDB Executive,2022,741.8533909
D12,HDB 2 Rooms,1990,38.60276015
D12,HDB 2 Rooms,1991,39.9292491
D12,HDB 2 Rooms,1992,44.22092209
D12,HDB 2 Rooms,1993,79.92720307
D12,HDB 2 Rooms,1994,109.377238
D12,HDB 2 Rooms,1995,148.4541634
D12,HDB 2 Rooms,1996,212.2257223
D12,HDB 2 Rooms,1997,270.4552121
D12,HDB 2 Rooms,1998,198.5615112
D12,HDB 2 Rooms,1999,207.4374181
D12,HDB 2 Rooms,2000,223.1617886
D12,HDB 2 Rooms,2001,202.17703
D12,HDB 2 Rooms,2002,201.7291458
D12,HDB 2 Rooms,2003,232.3212614
D12,HDB 2 Rooms,2004,241.8270462
D12,HDB 2 Rooms,2005,247.1015202
D12,HDB 2 Rooms,2006,261.3026428
D12,HDB 2 Rooms,2007,291.2501444
D12,HDB 2 Rooms,2008,345.0247019
D12,HDB 2 Rooms,2009,393.712808
D12,HDB 2 Rooms,2010,458.9775082
D12,HDB 2 Rooms,2011,544.9481825
D12,HDB 2 Rooms,2012,558.8963236
D12,HDB 2 Rooms,2013,582.5358838
D12,HDB 2 Rooms,2014,545.6033206
D12,HDB 2 Rooms,2015,550.8564302
D12,HDB 2 Rooms,2016,515.9845195
D12,HDB 2 Rooms,2017,464.298588
D12,HDB 2 Rooms,2018,448.8440651
D12,HDB 2 Rooms,2019,428.3236869
D12,HDB 2 Rooms,2020,425.8123914
D12,HDB 2 Rooms,2021,512.8275811
D12,HDB 2 Rooms,2022,561.9925775
D12,HDB 3 Rooms,1990,57.34469158
D12,HDB 3 Rooms,1991,61.00803521
D12,HDB 3 Rooms,1992,65.7802261
D12,HDB 3 Rooms,1993,99.23098161
D12,HDB 3 Rooms,1994,134.5597422
D12,HDB 3 Rooms,1995,173.6685739
D12,HDB 3 Rooms,1996,244.015018
D12,HDB 3 Rooms,1997,280.9431385
D12,HDB 3 Rooms,1998,220.7933999
D12,HDB 3 Rooms,1999,216.8507184
D12,HDB 3 Rooms,2000,227.3945625
D12,HDB 3 Rooms,2001,213.3180467
D12,HDB 3 Rooms,2002,213.7969167
D12,HDB 3 Rooms,2003,236.4578165
D12,HDB 3 Rooms,2004,251.3379377
D12,HDB 3 Rooms,2005,243.1408564
D12,HDB 3 Rooms,2006,239.2128105
D12,HDB 3 Rooms,2007,264.1933806
D12,HDB 3 Rooms,2008,323.0795805
D12,HDB 3 Rooms,2009,356.7530992
D12,HDB 3 Rooms,2010,410.4987329
D12,HDB 3 Rooms,2011,458.549566
D12,HDB 3 Rooms,2012,493.6469415
D12,HDB 3 Rooms,2013,505.3033192
D12,HDB 3 Rooms,2014,476.058224
D12,HDB 3 Rooms,2015,451.6262387
D12,HDB 3 Rooms,2016,437.5477071
D12,HDB 3 Rooms,2017,441.4031149
D12,HDB 3 Rooms,2018,406.8414225
D12,HDB 3 Rooms,2019,387.0249194
D12,HDB 3 Rooms,2020,391.8105937
D12,HDB 3 Rooms,2021,443.6222196
D12,HDB 3 Rooms,2022,518.5217155
D12,HDB 4 Rooms,1990,90.05032119
D12,HDB 4 Rooms,1991,90.76623773
D12,HDB 4 Rooms,1992,101.7785751
D12,HDB 4 Rooms,1993,143.5023989
D12,HDB 4 Rooms,1994,184.6682623
D12,HDB 4 Rooms,1995,226.106944
D12,HDB 4 Rooms,1996,298.7852458
D12,HDB 4 Rooms,1997,310.0270961
D12,HDB 4 Rooms,1998,260.4653443
D12,HDB 4 Rooms,1999,246.8397639
D12,HDB 4 Rooms,2000,267.7381857
D12,HDB 4 Rooms,2001,243.8873337
D12,HDB 4 Rooms,2002,242.3743726
D12,HDB 4 Rooms,2003,243.588902
D12,HDB 4 Rooms,2004,249.7621799
D12,HDB 4 Rooms,2005,246.4549135
D12,HDB 4 Rooms,2006,250.4070618
D12,HDB 4 Rooms,2007,275.0595038
D12,HDB 4 Rooms,2008,340.1084042
D12,HDB 4 Rooms,2009,357.3853713
D12,HDB 4 Rooms,2010,395.9077184
D12,HDB 4 Rooms,2011,459.0361491
D12,HDB 4 Rooms,2012,510.6151051
D12,HDB 4 Rooms,2013,542.1163361
D12,HDB 4 Rooms,2014,502.4565558
D12,HDB 4 Rooms,2015,489.2550329
D12,HDB 4 Rooms,2016,500.9529633
D12,HDB 4 Rooms,2017,517.4640138
D12,HDB 4 Rooms,2018,525.6004243
D12,HDB 4 Rooms,2019,503.0979153
D12,HDB 4 Rooms,2020,497.8297829
D12,HDB 4 Rooms,2021,551.7794257
D12,HDB 4 Rooms,2022,629.6788898
D12,HDB 5 Rooms,1990,109.1814373
D12,HDB 5 Rooms,1991,113.6095474
D12,HDB 5 Rooms,1992,127.615871
D12,HDB 5 Rooms,1993,185.3796796
D12,HDB 5 Rooms,1994,225.8228503
D12,HDB 5 Rooms,1995,271.4418361
D12,HDB 5 Rooms,1996,342.4403295
D12,HDB 5 Rooms,1997,343.2668209
D12,HDB 5 Rooms,1998,300.9944144
D12,HDB 5 Rooms,1999,288.0447823
D12,HDB 5 Rooms,2000,319.9836092
D12,HDB 5 Rooms,2001,304.7858403
D12,HDB 5 Rooms,2002,286.3766179
D12,HDB 5 Rooms,2003,277.6469487
D12,HDB 5 Rooms,2004,273.0236077
D12,HDB 5 Rooms,2005,258.5916767
D12,HDB 5 Rooms,2006,265.5394755
D12,HDB 5 Rooms,2007,300.748933
D12,HDB 5 Rooms,2008,356.4428153
D12,HDB 5 Rooms,2009,363.9090398
D12,HDB 5 Rooms,2010,402.9437955
D12,HDB 5 Rooms,2011,454.5562898
D12,HDB 5 Rooms,2012,496.0795818
D12,HDB 5 Rooms,2013,532.7962445
D12,HDB 5 Rooms,2014,489.6024815
D12,HDB 5 Rooms,2015,483.1544926
D12,HDB 5 Rooms,2016,489.873957
D12,HDB 5 Rooms,2017,568.2178558
D12,HDB 5 Rooms,2018,561.0513094
D12,HDB 5 Rooms,2019,536.3928719
D12,HDB 5 Rooms,2020,521.4078097
D12,HDB 5 Rooms,2021,582.3814066
D12,HDB 5 Rooms,2022,627.865182
D12,HDB Executive,1990,134.0141584
D12,HDB Executive,1991,136.191501
D12,HDB Executive,1992,152.8250913
D12,HDB Executive,1993,195.8284861
D12,HDB Executive,1994,244.0441631
D12,HDB Executive,1995,285.0731449
D12,HDB Executive,1996,375.3605932
D12,HDB Executive,1997,364.1463013
D12,HDB Executive,1998,326.9011247
D12,HDB Executive,1999,294.7263804
D12,HDB Executive,2000,318.6132676
D12,HDB Executive,2001,301.725433
D12,HDB Executive,2002,281.2726986
D12,HDB Executive,2003,277.3265802
D12,HDB Executive,2004,251.630998
D12,HDB Executive,2005,237.5213571
D12,HDB Executive,2006,238.0810781
D12,HDB Executive,2007,256.1246922
D12,HDB Executive,2008,329.2758316
D12,HDB Executive,2009,323.402556
D12,HDB Executive,2010,355.0613065
D12,HDB Executive,2011,406.3107769
D12,HDB Executive,2012,460.7275921
D12,HDB Executive,2013,468.6091244
D12,HDB Executive,2014,466.4386583
D12,HDB Executive,2015,454.622819
D12,HDB Executive,2016,484.7228145
D12,HDB Executive,2017,475.2417804
D12,HDB Executive,2018,471.6696365
D12,HDB Executive,2019,465.167876
D12,HDB Executive,2020,475.3250194
D12,HDB Executive,2021,525.1137568
D12,HDB Executive,2022,577.0398441
D14,HDB 2 Rooms,1990,36.98838333
D14,HDB 2 Rooms,1991,39.65426671
D14,HDB 2 Rooms,1992,45.50560173
D14,HDB 2 Rooms,1993,67.80646966
D14,HDB 2 Rooms,1994,88.01162085
D14,HDB 2 Rooms,1995,119.5970116
D14,HDB 2 Rooms,1996,173.4130158
D14,HDB 2 Rooms,1997,218.5626151
D14,HDB 2 Rooms,1998,165.5818894
D14,HDB 2 Rooms,1999,153.1845498
D14,HDB 2 Rooms,2000,170.0553288
D14,HDB 2 Rooms,2001,158.2677307
D14,HDB 2 Rooms,2002,162.1480436
D14,HDB 2 Rooms,2003,188.7267553
D14,HDB 2 Rooms,2004,215.8833171
D14,HDB 2 Rooms,2005,221.7607001
D14,HDB 2 Rooms,2006,232.0353605
D14,HDB 2 Rooms,2007,260.7543779
D14,HDB 2 Rooms,2008,318.2879629
D14,HDB 2 Rooms,2009,371.2674066
D14,HDB 2 Rooms,2010,429.9038974
D14,HDB 2 Rooms,2011,490.5107521
D14,HDB 2 Rooms,2012,546.2070527
D14,HDB 2 Rooms,2013,542.2947693
D14,HDB 2 Rooms,2014,524.9095716
D14,HDB 2 Rooms,2015,496.8945862
D14,HDB 2 Rooms,2016,484.8619155
D14,HDB 2 Rooms,2017,463.5646311
D14,HDB 2 Rooms,2018,437.0220005
D14,HDB 2 Rooms,2019,411.8077973
D14,HDB 2 Rooms,2020,407.3265129
D14,HDB 2 Rooms,2021,485.4951959
D14,HDB 2 Rooms,2022,519.5098895
D14,HDB 3 Rooms,1990,60.31902907
D14,HDB 3 Rooms,1991,62.20534337
D14,HDB 3 Rooms,1992,67.47732561
D14,HDB 3 Rooms,1993,97.80937346
D14,HDB 3 Rooms,1994,132.3057341
D14,HDB 3 Rooms,1995,171.264125
D14,HDB 3 Rooms,1996,239.2179755
D14,HDB 3 Rooms,1997,272.3659617
D14,HDB 3 Rooms,1998,218.9472324
D14,HDB 3 Rooms,1999,199.9436668
D14,HDB 3 Rooms,2000,214.9956938
D14,HDB 3 Rooms,2001,195.9118941
D14,HDB 3 Rooms,2002,195.5216668
D14,HDB 3 Rooms,2003,220.0396588
D14,HDB 3 Rooms,2004,244.8548087
D14,HDB 3 Rooms,2005,242.5651504
D14,HDB 3 Rooms,2006,239.3971967
D14,HDB 3 Rooms,2007,262.8612354
D14,HDB 3 Rooms,2008,326.2603179
D14,HDB 3 Rooms,2009,359.8212668
D14,HDB 3 Rooms,2010,413.881599
D14,HDB 3 Rooms,2011,473.5346975
D14,HDB 3 Rooms,2012,509.8868676
D14,HDB 3 Rooms,2013,522.2238213
D14,HDB 3 Rooms,2014,493.0011181
D14,HDB 3 Rooms,2015,476.8641027
D14,HDB 3 Rooms,2016,477.730574
D14,HDB 3 Rooms,2017,451.3072856
D14,HDB 3 Rooms,2018,443.5375124
D14,HDB 3 Rooms,2019,445.0113803
D14,HDB 3 Rooms,2020,431.9603116
D14,HDB 3 Rooms,2021,501.0445708
D14,HDB 3 Rooms,2022,556.4521064
D14,HDB 4 Rooms,1990,96.34829216
D14,HDB 4 Rooms,1991,96.8639769
D14,HDB 4 Rooms,1992,110.4456581
D14,HDB 4 Rooms,1993,143.988487
D14,HDB 4 Rooms,1994,182.0507575
D14,HDB 4 Rooms,1995,227.0272655
D14,HDB 4 Rooms,1996,299.3577261
D14,HDB 4 Rooms,1997,313.7785358
D14,HDB 4 Rooms,1998,264.2044006
D14,HDB 4 Rooms,1999,250.0974596
D14,HDB 4 Rooms,2000,261.7569963
D14,HDB 4 Rooms,2001,243.0246975
D14,HDB 4 Rooms,2002,241.933412
D14,HDB 4 Rooms,2003,245.7519574
D14,HDB 4 Rooms,2004,254.1007841
D14,HDB 4 Rooms,2005,248.1927287
D14,HDB 4 Rooms,2006,252.2358265
D14,HDB 4 Rooms,2007,286.2743954
D14,HDB 4 Rooms,2008,356.141798
D14,HDB 4 Rooms,2009,383.0140553
D14,HDB 4 Rooms,2010,428.1904962
D14,HDB 4 Rooms,2011,493.9077216
D14,HDB 4 Rooms,2012,514.7414224
D14,HDB 4 Rooms,2013,535.4397259
D14,HDB 4 Rooms,2014,516.5192047
D14,HDB 4 Rooms,2015,524.3925246
D14,HDB 4 Rooms,2016,539.7722993
D14,HDB 4 Rooms,2017,536.8581431
D14,HDB 4 Rooms,2018,545.4152565
D14,HDB 4 Rooms,2019,540.4466651
D14,HDB 4 Rooms,2020,539.7083788
D14,HDB 4 Rooms,2021,608.2306
D14,HDB 4 Rooms,2022,698.4044591
D14,HDB 5 Rooms,1990,116.9361834
D14,HDB 5 Rooms,1991,119.3066581
D14,HDB 5 Rooms,1992,135.5104692
D14,HDB 5 Rooms,1993,183.7232443
D14,HDB 5 Rooms,1994,228.367273
D14,HDB 5 Rooms,1995,278.4220212
D14,HDB 5 Rooms,1996,347.1644501
D14,HDB 5 Rooms,1997,354.0189035
D14,HDB 5 Rooms,1998,303.8565083
D14,HDB 5 Rooms,1999,283.1393511
D14,HDB 5 Rooms,2000,300.8043267
D14,HDB 5 Rooms,2001,285.6163246
D14,HDB 5 Rooms,2002,279.5074819
D14,HDB 5 Rooms,2003,279.9997933
D14,HDB 5 Rooms,2004,266.9428357
D14,HDB 5 Rooms,2005,264.1079284
D14,HDB 5 Rooms,2006,263.9554532
D14,HDB 5 Rooms,2007,296.8495764
D14,HDB 5 Rooms,2008,369.0203163
D14,HDB 5 Rooms,2009,391.7202408
D14,HDB 5 Rooms,2010,436.5010912
D14,HDB 5 Rooms,2011,477.9520707
D14,HDB 5 Rooms,2012,510.8862065
D14,HDB 5 Rooms,2013,552.2712361
D14,HDB 5 Rooms,2014,523.5980978
D14,HDB 5 Rooms,2015,520.7937417
D14,HDB 5 Rooms,2016,585.9396143
D14,HDB 5 Rooms,2017,558.2899135
D14,HDB 5 Rooms,2018,574.3127121
D14,HDB 5 Rooms,2019,562.2789486
D14,HDB 5 Rooms,2020,541.8946566
D14,HDB 5 Rooms,2021,586.1111073
D14,HDB 5 Rooms,2022,649.8918324
D14,HDB Executive,1990,136.9424651
D14,HDB Executive,1991,138.6849463
D14,HDB Executive,1992,155.2549476
D14,HDB Executive,1993,198.1084097
D14,HDB Executive,1994,248.1992609
D14,HDB Executive,1995,286.764282
D14,HDB Executive,1996,359.026162
D14,HDB Executive,1997,353.2004797
D14,HDB Executive,1998,312.907415
D14,HDB Executive,1999,290.9970586
D14,HDB Executive,2000,312.5373935
D14,HDB Executive,2001,290.6729073
D14,HDB Executive,2002,275.3527592
D14,HDB Executive,2003,273.6711685
D14,HDB Executive,2004,251.3825977
D14,HDB Executive,2005,250.2573417
D14,HDB Executive,2006,237.814171
D14,HDB Executive,2007,272.3718478
D14,HDB Executive,2008,308.4888244
D14,HDB Executive,2009,332.3194918
D14,HDB Executive,2010,365.9109052
D14,HDB Executive,2011,406.8065478
D14,HDB Executive,2012,463.8775863
D14,HDB Executive,2013,483.0277416
D14,HDB Executive,2014,473.7958759
D14,HDB Executive,2015,451.6324473
D14,HDB Executive,2016,468.4724971
D14,HDB Executive,2017,498.0324408
D14,HDB Executive,2018,473.973666
D14,HDB Executive,2019,463.2477418
D14,HDB Executive,2020,479.3229129
D14,HDB Executive,2021,522.4029762
D14,HDB Executive,2022,571.7332699
D16,HDB 2 Rooms,1990,53.88246825
D16,HDB 2 Rooms,1991,52.87279703
D16,HDB 2 Rooms,1992,57.41959917
D16,HDB 2 Rooms,1993,82.13762039
D16,HDB 2 Rooms,1994,105.1839416
D16,HDB 2 Rooms,1995,134.3602762
D16,HDB 2 Rooms,1996,195.1672349
D16,HDB 2 Rooms,1997,248.7390723
D16,HDB 2 Rooms,1998,190.4911919
D16,HDB 2 Rooms,1999,193.3638994
D16,HDB 2 Rooms,2000,222.8247933
D16,HDB 2 Rooms,2001,204.4270406
D16,HDB 2 Rooms,2002,197.6341444
D16,HDB 2 Rooms,2003,210.4635328
D16,HDB 2 Rooms,2004,228.8000074
D16,HDB 2 Rooms,2005,244.4433628
D16,HDB 2 Rooms,2006,258.6836556
D16,HDB 2 Rooms,2007,276.0526833
D16,HDB 2 Rooms,2008,336.3972618
D16,HDB 2 Rooms,2009,377.7188937
D16,HDB 2 Rooms,2010,447.5355864
D16,HDB 2 Rooms,2011,503.0369189
D16,HDB 2 Rooms,2012,555.7178393
D16,HDB 2 Rooms,2013,577.5823059
D16,HDB 2 Rooms,2014,542.5549423
D16,HDB 2 Rooms,2015,504.9859643
D16,HDB 2 Rooms,2016,493.9044398
D16,HDB 2 Rooms,2017,489.0976319
D16,HDB 2 Rooms,2018,457.2806071
D16,HDB 2 Rooms,2019,435.8751994
D16,HDB 2 Rooms,2020,445.0026984
D16,HDB 2 Rooms,2021,521.1761072
D16,HDB 2 Rooms,2022,556.5584965
D16,HDB 3 Rooms,1990,57.72966782
D16,HDB 3 Rooms,1991,59.37489261
D16,HDB 3 Rooms,1992,65.89700306
D16,HDB 3 Rooms,1993,97.61496344
D16,HDB 3 Rooms,1994,130.4011255
D16,HDB 3 Rooms,1995,169.1261336
D16,HDB 3 Rooms,1996,243.3354894
D16,HDB 3 Rooms,1997,277.7869561
D16,HDB 3 Rooms,1998,219.1657872
D16,HDB 3 Rooms,1999,206.7356648
D16,HDB 3 Rooms,2000,226.2221206
D16,HDB 3 Rooms,2001,210.0394779
D16,HDB 3 Rooms,2002,206.5865339
D16,HDB 3 Rooms,2003,230.3451466
D16,HDB 3 Rooms,2004,250.3357155
D16,HDB 3 Rooms,2005,241.617582
D16,HDB 3 Rooms,2006,232.6007528
D16,HDB 3 Rooms,2007,254.5521792
D16,HDB 3 Rooms,2008,313.8865186
D16,HDB 3 Rooms,2009,344.5004641
D16,HDB 3 Rooms,2010,395.8793376
D16,HDB 3 Rooms,2011,447.5094683
D16,HDB 3 Rooms,2012,483.7247439
D16,HDB 3 Rooms,2013,495.7422336
D16,HDB 3 Rooms,2014,470.8026137
D16,HDB 3 Rooms,2015,437.3471862
D16,HDB 3 Rooms,2016,436.3336418
D16,HDB 3 Rooms,2017,433.1143781
D16,HDB 3 Rooms,2018,418.918631
D16,HDB 3 Rooms,2019,399.2946801
D16,HDB 3 Rooms,2020,407.4583517
D16,HDB 3 Rooms,2021,460.3743009
D16,HDB 3 Rooms,2022,495.3211065
D16,HDB 4 Rooms,1990,77.15735825
D16,HDB 4 Rooms,1991,79.63022161
D16,HDB 4 Rooms,1992,86.67747266
D16,HDB 4 Rooms,1993,130.5910287
D16,HDB 4 Rooms,1994,177.1995782
D16,HDB 4 Rooms,1995,217.3426478
D16,HDB 4 Rooms,1996,294.4702337
D16,HDB 4 Rooms,1997,307.6001706
D16,HDB 4 Rooms,1998,254.1374203
D16,HDB 4 Rooms,1999,240.3292651
D16,HDB 4 Rooms,2000,256.1437155
D16,HDB 4 Rooms,2001,230.426635
D16,HDB 4 Rooms,2002,220.9429613
D16,HDB 4 Rooms,2003,233.1757485
D16,HDB 4 Rooms,2004,238.9130595
D16,HDB 4 Rooms,2005,236.5079441
D16,HDB 4 Rooms,2006,230.4996129
D16,HDB 4 Rooms,2007,252.3890911
D16,HDB 4 Rooms,2008,311.0979056
D16,HDB 4 Rooms,2009,335.644021
D16,HDB 4 Rooms,2010,379.3971055
D16,HDB 4 Rooms,2011,427.9412412
D16,HDB 4 Rooms,2012,459.3102554
D16,HDB 4 Rooms,2013,484.7756504
D16,HDB 4 Rooms,2014,464.7672312
D16,HDB 4 Rooms,2015,443.8917134
D16,HDB 4 Rooms,2016,439.2937097
D16,HDB 4 Rooms,2017,451.5662884
D16,HDB 4 Rooms,2018,445.1633926
D16,HDB 4 Rooms,2019,432.3107724
D16,HDB 4 Rooms,2020,451.1449691
D16,HDB 4 Rooms,2021,491.0266072
D16,HDB 4 Rooms,2022,515.2911159
D16,HDB 5 Rooms,1990,99.27602653
D16,HDB 5 Rooms,1991,105.7885949
D16,HDB 5 Rooms,1992,112.8297698
D16,HDB 5 Rooms,1993,175.567927
D16,HDB 5 Rooms,1994,222.6464644
D16,HDB 5 Rooms,1995,268.3683113
D16,HDB 5 Rooms,1996,345.7244222
D16,HDB 5 Rooms,1997,349.6115431
D16,HDB 5 Rooms,1998,290.9807887
D16,HDB 5 Rooms,1999,276.1504515
D16,HDB 5 Rooms,2000,296.1787017
D16,HDB 5 Rooms,2001,275.3705943
D16,HDB 5 Rooms,2002,266.909592
D16,HDB 5 Rooms,2003,263.418133
D16,HDB 5 Rooms,2004,262.4651461
D16,HDB 5 Rooms,2005,256.6232533
D16,HDB 5 Rooms,2006,260.9556786
D16,HDB 5 Rooms,2007,288.8097668
D16,HDB 5 Rooms,2008,354.1907371
D16,HDB 5 Rooms,2009,354.4101433
D16,HDB 5 Rooms,2010,394.8468223
D16,HDB 5 Rooms,2011,434.6856474
D16,HDB 5 Rooms,2012,479.677311
D16,HDB 5 Rooms,2013,495.5726847
D16,HDB 5 Rooms,2014,479.1823546
D16,HDB 5 Rooms,2015,467.2033283
D16,HDB 5 Rooms,2016,462.4084626
D16,HDB 5 Rooms,2017,464.370688
D16,HDB 5 Rooms,2018,476.5591448
D16,HDB 5 Rooms,2019,453.6921502
D16,HDB 5 Rooms,2020,470.3110436
D16,HDB 5 Rooms,2021,503.3366549
D16,HDB 5 Rooms,2022,539.1411504
D16,HDB Executive,1990,125.1163902
D16,HDB Executive,1991,124.8981077
D16,HDB Executive,1992,134.4709656
D16,HDB Executive,1993,190.6254738
D16,HDB Executive,1994,237.4237962
D16,HDB Executive,1995,295.2959074
D16,HDB Executive,1996,353.3158298
D16,HDB Executive,1997,362.9568942
D16,HDB Executive,1998,319.3831502
D16,HDB Executive,1999,301.6324141
D16,HDB Executive,2000,328.6299957
D16,HDB Executive,2001,302.039471
D16,HDB Executive,2002,280.9568236
D16,HDB Executive,2003,276.6503048
D16,HDB Executive,2004,253.8107641
D16,HDB Executive,2005,235.7588425
D16,HDB Executive,2006,236.9933822
D16,HDB Executive,2007,261.5971626
D16,HDB Executive,2008,301.6157612
D16,HDB Executive,2009,313.4568982
D16,HDB Executive,2010,352.9278984
D16,HDB Executive,2011,394.5124134
D16,HDB Executive,2012,428.2531712
D16,HDB Executive,2013,457.9704625
D16,HDB Executive,2014,430.3550138
D16,HDB Executive,2015,442.048576
D16,HDB Executive,2016,451.0565408
D16,HDB Executive,2017,460.7193831
D16,HDB Executive,2018,456.3775239
D16,HDB Executive,2019,449.0812285
D16,HDB Executive,2020,449.1607662
D16,HDB Executive,2021,497.0266109
D16,HDB Executive,2022,528.291247
D18,HDB 2 Rooms,1998,211.1437304
D18,HDB 2 Rooms,1999,214.6848261
D18,HDB 2 Rooms,2000,228.0353775
D18,HDB 2 Rooms,2002,233.1023142
D18,HDB 2 Rooms,2003,236.495601
D18,HDB 2 Rooms,2004,249.9939613
D18,HDB 2 Rooms,2005,253.3719191
D18,HDB 2 Rooms,2007,317.5596206
D18,HDB 2 Rooms,2008,351.3429147
D18,HDB 2 Rooms,2009,354.8181112
D18,HDB 2 Rooms,2010,433.2662882
D18,HDB 2 Rooms,2011,441.7121118
D18,HDB 2 Rooms,2016,492.9811685
D18,HDB 2 Rooms,2017,510.5184924
D18,HDB 2 Rooms,2018,545.7809472
D18,HDB 2 Rooms,2019,529.2581467
D18,HDB 2 Rooms,2020,519.8991537
D18,HDB 2 Rooms,2021,578.2252715
D18,HDB 2 Rooms,2022,643.0739897
D18,HDB 3 Rooms,1990,65.22243857
D18,HDB 3 Rooms,1991,66.41659573
D18,HDB 3 Rooms,1992,69.84506689
D18,HDB 3 Rooms,1993,96.92762112
D18,HDB 3 Rooms,1994,128.5485427
D18,HDB 3 Rooms,1995,167.2813778
D18,HDB 3 Rooms,1996,245.6401371
D18,HDB 3 Rooms,1997,273.0221551
D18,HDB 3 Rooms,1998,222.8704861
D18,HDB 3 Rooms,1999,217.2644677
D18,HDB 3 Rooms,2000,239.0105273
D18,HDB 3 Rooms,2001,223.8788471
D18,HDB 3 Rooms,2002,220.6970515
D18,HDB 3 Rooms,2003,238.3354198
D18,HDB 3 Rooms,2004,249.0909317
D18,HDB 3 Rooms,2005,237.4309771
D18,HDB 3 Rooms,2006,232.6459946
D18,HDB 3 Rooms,2007,248.6722518
D18,HDB 3 Rooms,2008,304.2549921
D18,HDB 3 Rooms,2009,329.0588684
D18,HDB 3 Rooms,2010,381.24709
D18,HDB 3 Rooms,2011,432.9119278
D18,HDB 3 Rooms,2012,472.867083
D18,HDB 3 Rooms,2013,480.1815894
D18,HDB 3 Rooms,2014,447.4022529
D18,HDB 3 Rooms,2015,422.5461148
D18,HDB 3 Rooms,2016,421.1697342
D18,HDB 3 Rooms,2017,423.108812
D18,HDB 3 Rooms,2018,428.0115711
D18,HDB 3 Rooms,2019,442.5314061
D18,HDB 3 Rooms,2020,456.0484987
D18,HDB 3 Rooms,2021,495.9142407
D18,HDB 3 Rooms,2022,536.764832
D18,HDB 4 Rooms,1990,76.86687647
D18,HDB 4 Rooms,1991,78.76467367
D18,HDB 4 Rooms,1992,87.39731743
D18,HDB 4 Rooms,1993,125.6675241
D18,HDB 4 Rooms,1994,170.7643666
D18,HDB 4 Rooms,1995,211.8118065
D18,HDB 4 Rooms,1996,297.5037074
D18,HDB 4 Rooms,1997,306.497198
D18,HDB 4 Rooms,1998,256.3244848
D18,HDB 4 Rooms,1999,245.0040261
D18,HDB 4 Rooms,2000,257.8091472
D18,HDB 4 Rooms,2001,237.6915625
D18,HDB 4 Rooms,2002,225.9700074
D18,HDB 4 Rooms,2003,230.6672494
D18,HDB 4 Rooms,2004,231.8734527
D18,HDB 4 Rooms,2005,223.231341
D18,HDB 4 Rooms,2006,222.6261568
D18,HDB 4 Rooms,2007,237.9259414
D18,HDB 4 Rooms,2008,287.4230089
D18,HDB 4 Rooms,2009,307.7102146
D18,HDB 4 Rooms,2010,344.6764276
D18,HDB 4 Rooms,2011,386.762205
D18,HDB 4 Rooms,2012,417.363567
D18,HDB 4 Rooms,2013,426.3002178
D18,HDB 4 Rooms,2014,402.4712623
D18,HDB 4 Rooms,2015,382.5117506
D18,HDB 4 Rooms,2016,387.8440695
D18,HDB 4 Rooms,2017,388.8250025
D18,HDB 4 Rooms,2018,386.9710152
D18,HDB 4 Rooms,2019,405.4806885
D18,HDB 4 Rooms,2020,426.4528112
D18,HDB 4 Rooms,2021,459.64969
D18,HDB 4 Rooms,2022,490.6590612
D18,HDB 5 Rooms,1990,94.70489321
D18,HDB 5 Rooms,1991,94.820847
D18,HDB 5 Rooms,1992,107.5400144
D18,HDB 5 Rooms,1993,160.5421562
D18,HDB 5 Rooms,1994,208.4618705
D18,HDB 5 Rooms,1995,254.9458756
D18,HDB 5 Rooms,1996,336.0613551
D18,HDB 5 Rooms,1997,332.1393788
D18,HDB 5 Rooms,1998,280.1726381
D18,HDB 5 Rooms,1999,267.6963233
D18,HDB 5 Rooms,2000,285.5042708
D18,HDB 5 Rooms,2001,265.2770311
D18,HDB 5 Rooms,2002,250.9778598
D18,HDB 5 Rooms,2003,246.3947508
D18,HDB 5 Rooms,2004,237.4426081
D18,HDB 5 Rooms,2005,223.3824348
D18,HDB 5 Rooms,2006,218.1876941
D18,HDB 5 Rooms,2007,234.3548957
D18,HDB 5 Rooms,2008,281.3508246
D18,HDB 5 Rooms,2009,293.8774892
D18,HDB 5 Rooms,2010,323.7347811
D18,HDB 5 Rooms,2011,366.6513612
D18,HDB 5 Rooms,2012,397.1520639
D18,HDB 5 Rooms,2013,409.3509397
D18,HDB 5 Rooms,2014,414.592097
D18,HDB 5 Rooms,2015,383.6655411
D18,HDB 5 Rooms,2016,394.4226136
D18,HDB 5 Rooms,2017,397.9776956
D18,HDB 5 Rooms,2018,395.9304862
D18,HDB 5 Rooms,2019,403.3173476
D18,HDB 5 Rooms,2020,415.9077452
D18,HDB 5 Rooms,2021,455.7230627
D18,HDB 5 Rooms,2022,481.8587949
D18,HDB Executive,1990,108.6976063
D18,HDB Executive,1991,117.2267043
D18,HDB Executive,1992,129.5858002
D18,HDB Executive,1993,193.3438159
D18,HDB Executive,1994,240.7387644
D18,HDB Executive,1995,288.6073185
D18,HDB Executive,1996,377.3707686
D18,HDB Executive,1997,372.5614315
D18,HDB Executive,1998,309.7856526
D18,HDB Executive,1999,290.0769564
D18,HDB Executive,2000,320.8169974
D18,HDB Executive,2001,302.0430992
D18,HDB Executive,2002,283.4570511
D18,HDB Executive,2003,267.0094907
D18,HDB Executive,2004,251.7886588
D18,HDB Executive,2005,236.5802647
D18,HDB Executive,2006,232.5383081
D18,HDB Executive,2007,251.3396289
D18,HDB Executive,2008,304.5886177
D18,HDB Executive,2009,308.621725
D18,HDB Executive,2010,336.1728556
D18,HDB Executive,2011,376.2994257
D18,HDB Executive,2012,413.1880769
D18,HDB Executive,2013,426.7847179
D18,HDB Executive,2014,413.5288565
D18,HDB Executive,2015,403.0090002
D18,HDB Executive,2016,400.3251751
D18,HDB Executive,2017,403.1915147
D18,HDB Executive,2018,413.9171539
D18,HDB Executive,2019,410.4226288
D18,HDB Executive,2020,416.0213177
D18,HDB Executive,2021,450.3539591
D18,HDB Executive,2022,505.367395
D18,NA,1992,132.4399149
D18,NA,1993,173.5480789
D18,NA,1994,230.1983313
D18,NA,1995,265.8376611
D18,NA,1996,357.8654693
D18,NA,1997,350.3102036
D18,NA,1998,297.4561795
D18,NA,1999,267.4362143
D18,NA,2000,304.1023368
D18,NA,2001,281.6009996
D18,NA,2002,255.2457752
D18,NA,2003,252.566449
D18,NA,2004,236.7351362
D18,NA,2005,249.0472784
D18,NA,2006,246.334507
D18,NA,2007,260.5873568
D18,NA,2008,297.8156616
D18,NA,2009,295.4988434
D18,NA,2010,346.275049
D18,NA,2011,396.3869973
D18,NA,2012,453.6190414
D18,NA,2013,478.5073254
D18,NA,2016,457.7996823
D18,NA,2017,514.0636758
D18,NA,2018,501.9871979
D18,NA,2019,472.9103764
D18,NA,2020,470.9199268
D18,NA,2021,474.9984903
D18,NA,2022,518.4840067
D19,HDB 2 Rooms,2012,518.967103
D19,HDB 2 Rooms,2013,552.2573912
D19,HDB 2 Rooms,2014,531.6126125
D19,HDB 2 Rooms,2015,518.8811676
D19,HDB 2 Rooms,2016,524.7505706
D19,HDB 2 Rooms,2017,513.5822827
D19,HDB 2 Rooms,2018,494.8704165
D19,HDB 2 Rooms,2019,483.8894249
D19,HDB 2 Rooms,2020,495.6948279
D19,HDB 2 Rooms,2021,552.3831024
D19,HDB 2 Rooms,2022,632.4501116
D19,HDB 3 Rooms,1990,59.66726657
D19,HDB 3 Rooms,1991,60.22069374
D19,HDB 3 Rooms,1992,64.46210636
D19,HDB 3 Rooms,1993,93.99754708
D19,HDB 3 Rooms,1994,124.8047275
D19,HDB 3 Rooms,1995,159.2137572
D19,HDB 3 Rooms,1996,231.9513058
D19,HDB 3 Rooms,1997,255.7636716
D19,HDB 3 Rooms,1998,202.6337566
D19,HDB 3 Rooms,1999,193.2819932
D19,HDB 3 Rooms,2000,205.0308728
D19,HDB 3 Rooms,2001,185.0953257
D19,HDB 3 Rooms,2002,179.6701393
D19,HDB 3 Rooms,2003,203.4757285
D19,HDB 3 Rooms,2004,226.3122404
D19,HDB 3 Rooms,2005,219.97506
D19,HDB 3 Rooms,2006,211.7784584
D19,HDB 3 Rooms,2007,231.6372417
D19,HDB 3 Rooms,2008,288.027508
D19,HDB 3 Rooms,2009,318.5140117
D19,HDB 3 Rooms,2010,367.7412866
D19,HDB 3 Rooms,2011,424.8082267
D19,HDB 3 Rooms,2012,465.0793995
D19,HDB 3 Rooms,2013,483.7823281
D19,HDB 3 Rooms,2014,450.9623589
D19,HDB 3 Rooms,2015,419.7499826
D19,HDB 3 Rooms,2016,423.308884
D19,HDB 3 Rooms,2017,424.9506772
D19,HDB 3 Rooms,2018,430.3495684
D19,HDB 3 Rooms,2019,437.0978552
D19,HDB 3 Rooms,2020,459.0927412
D19,HDB 3 Rooms,2021,507.3419804
D19,HDB 3 Rooms,2022,555.318011
D19,HDB 4 Rooms,1990,78.45495282
D19,HDB 4 Rooms,1991,78.14025326
D19,HDB 4 Rooms,1992,83.92653561
D19,HDB 4 Rooms,1993,128.3547855
D19,HDB 4 Rooms,1994,167.5288095
D19,HDB 4 Rooms,1995,204.8181871
D19,HDB 4 Rooms,1996,274.08157
D19,HDB 4 Rooms,1997,287.6229831
D19,HDB 4 Rooms,1998,239.5047564
D19,HDB 4 Rooms,1999,229.8179192
D19,HDB 4 Rooms,2000,241.9293917
D19,HDB 4 Rooms,2001,223.3850501
D19,HDB 4 Rooms,2002,213.6489505
D19,HDB 4 Rooms,2003,219.8655569
D19,HDB 4 Rooms,2004,224.8933136
D19,HDB 4 Rooms,2005,224.7553346
D19,HDB 4 Rooms,2006,227.1678764
D19,HDB 4 Rooms,2007,245.8311637
D19,HDB 4 Rooms,2008,296.689615
D19,HDB 4 Rooms,2009,317.7487109
D19,HDB 4 Rooms,2010,363.9912263
D19,HDB 4 Rooms,2011,421.1211147
D19,HDB 4 Rooms,2012,457.600491
D19,HDB 4 Rooms,2013,480.7971983
D19,HDB 4 Rooms,2014,438.7523843
D19,HDB 4 Rooms,2015,414.3895802
D19,HDB 4 Rooms,2016,413.1434865
D19,HDB 4 Rooms,2017,417.3587654
D19,HDB 4 Rooms,2018,417.2002644
D19,HDB 4 Rooms,2019,427.4847319
D19,HDB 4 Rooms,2020,442.2118012
D19,HDB 4 Rooms,2021,481.469602
D19,HDB 4 Rooms,2022,529.4238759
D19,HDB 5 Rooms,1990,95.90025725
D19,HDB 5 Rooms,1991,97.98992568
D19,HDB 5 Rooms,1992,107.6708945
D19,HDB 5 Rooms,1993,162.7467452
D19,HDB 5 Rooms,1994,207.284271
D19,HDB 5 Rooms,1995,250.7502853
D19,HDB 5 Rooms,1996,320.6474249
D19,HDB 5 Rooms,1997,324.9588391
D19,HDB 5 Rooms,1998,276.6141728
D19,HDB 5 Rooms,1999,264.1426643
D19,HDB 5 Rooms,2000,283.2748549
D19,HDB 5 Rooms,2001,270.1970874
D19,HDB 5 Rooms,2002,255.2320262
D19,HDB 5 Rooms,2003,249.0712576
D19,HDB 5 Rooms,2004,240.5079076
D19,HDB 5 Rooms,2005,229.761119
D19,HDB 5 Rooms,2006,232.7139753
D19,HDB 5 Rooms,2007,255.1886158
D19,HDB 5 Rooms,2008,305.6321458
D19,HDB 5 Rooms,2009,317.3908084
D19,HDB 5 Rooms,2010,357.4129389
D19,HDB 5 Rooms,2011,403.3519153
D19,HDB 5 Rooms,2012,434.9396163
D19,HDB 5 Rooms,2013,444.8280855
D19,HDB 5 Rooms,2014,405.6091958
D19,HDB 5 Rooms,2015,381.9790225
D19,HDB 5 Rooms,2016,379.1829084
D19,HDB 5 Rooms,2017,378.6348469
D19,HDB 5 Rooms,2018,381.5179938
D19,HDB 5 Rooms,2019,408.1987917
D19,HDB 5 Rooms,2020,426.0708358
D19,HDB 5 Rooms,2021,465.9100034
D19,HDB 5 Rooms,2022,504.9414145
D19,HDB Executive,1990,120.5352068
D19,HDB Executive,1991,116.0174407
D19,HDB Executive,1992,132.3011746
D19,HDB Executive,1993,188.5915086
D19,HDB Executive,1994,228.0500605
D19,HDB Executive,1995,276.3096921
D19,HDB Executive,1996,355.5548744
D19,HDB Executive,1997,353.7923583
D19,HDB Executive,1998,303.297695
D19,HDB Executive,1999,282.5085475
D19,HDB Executive,2000,313.4563626
D19,HDB Executive,2001,301.0483848
D19,HDB Executive,2002,276.7601032
D19,HDB Executive,2003,264.1696591
D19,HDB Executive,2004,247.969694
D19,HDB Executive,2005,228.8892906
D19,HDB Executive,2006,228.3074123
D19,HDB Executive,2007,254.6795137
D19,HDB Executive,2008,305.5275613
D19,HDB Executive,2009,314.5171324
D19,HDB Executive,2010,349.0692961
D19,HDB Executive,2011,393.4195337
D19,HDB Executive,2012,427.8517239
D19,HDB Executive,2013,444.2334393
D19,HDB Executive,2014,425.5640821
D19,HDB Executive,2015,410.0058917
D19,HDB Executive,2016,404.343996
D19,HDB Executive,2017,403.3791136
D19,HDB Executive,2018,412.397503
D19,HDB Executive,2019,416.809448
D19,HDB Executive,2020,415.4248412
D19,HDB Executive,2021,452.9397221
D19,HDB Executive,2022,496.3981725
D20,NA,1990,23.28818242
D20,NA,1991,22.10493718
D20,NA,1992,30.04355608
D20,NA,1993,65.78126887
D20,NA,1994,85.61081915
D20,NA,1995,132.0691673
D20,NA,1996,234.6139763
D20,NA,1997,332.5743311
D20,NA,1998,190.5156522
D20,NA,1999,191.0888578
D20,HDB 2 Rooms,1990,51.8363852
D20,HDB 2 Rooms,1991,56.29920382
D20,HDB 2 Rooms,1992,56.77411618
D20,HDB 2 Rooms,1993,77.1243296
D20,HDB 2 Rooms,1994,100.1289031
D20,HDB 2 Rooms,1995,128.7567703
D20,HDB 2 Rooms,1996,202.5019621
D20,HDB 2 Rooms,1997,240.481455
D20,HDB 2 Rooms,1998,208.8194581
D20,HDB 2 Rooms,1999,183.8254323
D20,HDB 2 Rooms,2000,214.745337
D20,HDB 2 Rooms,2001,198.1275261
D20,HDB 2 Rooms,2002,187.422183
D20,HDB 2 Rooms,2003,225.5089543
D20,HDB 2 Rooms,2004,237.6544127
D20,HDB 2 Rooms,2005,244.2036576
D20,HDB 2 Rooms,2006,254.793847
D20,HDB 2 Rooms,2007,287.7284256
D20,HDB 2 Rooms,2008,330.8038362
D20,HDB 2 Rooms,2009,377.6664472
D20,HDB 2 Rooms,2010,445.5947583
D20,HDB 2 Rooms,2011,529.7498625
D20,HDB 2 Rooms,2012,555.2138665
D20,HDB 2 Rooms,2013,585.6225999
D20,HDB 2 Rooms,2014,557.0497851
D20,HDB 2 Rooms,2015,510.9892926
D20,HDB 2 Rooms,2016,515.5799876
D20,HDB 2 Rooms,2017,489.9018337
D20,HDB 2 Rooms,2018,447.9762381
D20,HDB 2 Rooms,2019,409.7327641
D20,HDB 2 Rooms,2020,433.0349014
D20,HDB 2 Rooms,2021,478.1354173
D20,HDB 2 Rooms,2022,542.2983305
D20,HDB 3 Rooms,1990,60.71879483
D20,HDB 3 Rooms,1991,61.32657697
D20,HDB 3 Rooms,1992,65.55510256
D20,HDB 3 Rooms,1993,100.7404126
D20,HDB 3 Rooms,1994,131.1525671
D20,HDB 3 Rooms,1995,169.1166632
D20,HDB 3 Rooms,1996,245.3371597
D20,HDB 3 Rooms,1997,277.5523016
D20,HDB 3 Rooms,1998,218.7713581
D20,HDB 3 Rooms,1999,206.6252847
D20,HDB 3 Rooms,2000,220.7879642
D20,HDB 3 Rooms,2001,205.3801631
D20,HDB 3 Rooms,2002,202.647355
D20,HDB 3 Rooms,2003,220.3726624
D20,HDB 3 Rooms,2004,238.0291657
D20,HDB 3 Rooms,2005,230.7976943
D20,HDB 3 Rooms,2006,227.1762066
D20,HDB 3 Rooms,2007,244.2800931
D20,HDB 3 Rooms,2008,311.1817144
D20,HDB 3 Rooms,2009,341.4657112
D20,HDB 3 Rooms,2010,391.5008946
D20,HDB 3 Rooms,2011,441.2500245
D20,HDB 3 Rooms,2012,477.3651484
D20,HDB 3 Rooms,2013,491.5891406
D20,HDB 3 Rooms,2014,460.3309432
D20,HDB 3 Rooms,2015,438.2512456
D20,HDB 3 Rooms,2016,433.8540479
D20,HDB 3 Rooms,2017,421.7341157
D20,HDB 3 Rooms,2018,392.8826008
D20,HDB 3 Rooms,2019,380.6202114
D20,HDB 3 Rooms,2020,393.3613493
D20,HDB 3 Rooms,2021,444.9845914
D20,HDB 3 Rooms,2022,500.3583593
D20,HDB 4 Rooms,1990,78.08786778
D20,HDB 4 Rooms,1991,83.1639567
D20,HDB 4 Rooms,1992,96.16960395
D20,HDB 4 Rooms,1993,155.8520965
D20,HDB 4 Rooms,1994,192.3710533
D20,HDB 4 Rooms,1995,245.1936857
D20,HDB 4 Rooms,1996,329.9252442
D20,HDB 4 Rooms,1997,337.304701
D20,HDB 4 Rooms,1998,280.6395108
D20,HDB 4 Rooms,1999,264.292784
D20,HDB 4 Rooms,2000,275.6796001
D20,HDB 4 Rooms,2001,256.1235421
D20,HDB 4 Rooms,2002,253.6498826
D20,HDB 4 Rooms,2003,252.1050574
D20,HDB 4 Rooms,2004,255.373918
D20,HDB 4 Rooms,2005,255.5574497
D20,HDB 4 Rooms,2006,264.8664111
D20,HDB 4 Rooms,2007,292.1928823
D20,HDB 4 Rooms,2008,349.5075604
D20,HDB 4 Rooms,2009,372.477589
D20,HDB 4 Rooms,2010,412.8033885
D20,HDB 4 Rooms,2011,455.5539165
D20,HDB 4 Rooms,2012,485.6912785
D20,HDB 4 Rooms,2013,509.999733
D20,HDB 4 Rooms,2014,489.5888755
D20,HDB 4 Rooms,2015,483.735761
D20,HDB 4 Rooms,2016,509.5673032
D20,HDB 4 Rooms,2017,522.199766
D20,HDB 4 Rooms,2018,514.3933826
D20,HDB 4 Rooms,2019,477.3290378
D20,HDB 4 Rooms,2020,476.8524141
D20,HDB 4 Rooms,2021,517.3902506
D20,HDB 4 Rooms,2022,594.2300594
D20,HDB 5 Rooms,1990,104.2656073
D20,HDB 5 Rooms,1991,116.943835
D20,HDB 5 Rooms,1992,140.9952234
D20,HDB 5 Rooms,1993,203.3507829
D20,HDB 5 Rooms,1994,257.1083264
D20,HDB 5 Rooms,1995,309.6348082
D20,HDB 5 Rooms,1996,382.7573144
D20,HDB 5 Rooms,1997,380.7036656
D20,HDB 5 Rooms,1998,328.2286497
D20,HDB 5 Rooms,1999,306.7966882
D20,HDB 5 Rooms,2000,322.0170365
D20,HDB 5 Rooms,2001,300.5450833
D20,HDB 5 Rooms,2002,298.1196503
D20,HDB 5 Rooms,2003,286.4254669
D20,HDB 5 Rooms,2004,277.2569252
D20,HDB 5 Rooms,2005,268.6258032
D20,HDB 5 Rooms,2006,276.230069
D20,HDB 5 Rooms,2007,309.9632324
D20,HDB 5 Rooms,2008,378.4109144
D20,HDB 5 Rooms,2009,389.0038013
D20,HDB 5 Rooms,2010,429.0069736
D20,HDB 5 Rooms,2011,488.7835699
D20,HDB 5 Rooms,2012,508.8709173
D20,HDB 5 Rooms,2013,540.0754373
D20,HDB 5 Rooms,2014,522.7767659
D20,HDB 5 Rooms,2015,520.583124
D20,HDB 5 Rooms,2016,551.416135
D20,HDB 5 Rooms,2017,576.7016025
D20,HDB 5 Rooms,2018,565.7831842
D20,HDB 5 Rooms,2019,542.3419167
D20,HDB 5 Rooms,2020,542.5911313
D20,HDB 5 Rooms,2021,571.7559136
D20,HDB 5 Rooms,2022,649.0172906
D20,HDB Executive,1990,143.8324399
D20,HDB Executive,1991,152.2698226
D20,HDB Executive,1992,169.2524286
D20,HDB Executive,1993,215.5248224
D20,HDB Executive,1994,265.2221964
D20,HDB Executive,1995,338.6770771
D20,HDB Executive,1996,412.7945607
D20,HDB Executive,1997,404.8272909
D20,HDB Executive,1998,350.8514714
D20,HDB Executive,1999,331.5015106
D20,HDB Executive,2000,337.4582134
D20,HDB Executive,2001,330.2435089
D20,HDB Executive,2002,309.4296399
D20,HDB Executive,2003,288.858448
D20,HDB Executive,2004,286.6726096
D20,HDB Executive,2005,260.0775492
D20,HDB Executive,2006,262.990608
D20,HDB Executive,2007,305.3650198
D20,HDB Executive,2008,356.6924628
D20,HDB Executive,2009,365.2251825
D20,HDB Executive,2010,410.3617037
D20,HDB Executive,2011,451.8965984
D20,HDB Executive,2012,502.5967335
D20,HDB Executive,2013,521.3064255
D20,HDB Executive,2014,528.5478415
D20,HDB Executive,2015,532.7540915
D20,HDB Executive,2016,519.5421032
D20,HDB Executive,2017,553.6212286
D20,HDB Executive,2018,538.9715948
D20,HDB Executive,2019,537.5418721
D20,HDB Executive,2020,538.9923445
D20,HDB Executive,2021,565.0473932
D20,HDB Executive,2022,629.2250091
D20,NA,1992,164.785688
D20,NA,1993,201.4222695
D20,NA,1994,262.3568131
D20,NA,1995,311.1533304
D20,NA,1996,396.467823
D20,NA,1997,405.4710653
D20,NA,1998,338.6953481
D20,NA,1999,299.8510453
D20,NA,2000,340.9083448
D20,NA,2001,309.67679
D20,NA,2002,298.4160016
D20,NA,2003,300.3869415
D20,NA,2004,283.9268295
D20,NA,2005,274.7684389
D20,NA,2006,280.6448716
D20,NA,2007,270.7671011
D20,NA,2008,383.2254109
D20,NA,2009,349.0909429
D20,NA,2010,388.6915214
D20,NA,2011,433.9189327
D20,NA,2012,535.4767324
D20,NA,2015,508.755191
D20,NA,2017,500.2480514
D20,NA,2019,526.9212367
D20,NA,2020,545.8058882
D20,NA,2021,549.9965626
D22,HDB 2 Rooms,1990,27.38226851
D22,HDB 2 Rooms,1999,121.4262489
D22,HDB 2 Rooms,2000,130.5507298
D22,HDB 2 Rooms,2001,122.2410093
D22,HDB 2 Rooms,2002,108.3868301
D22,HDB 2 Rooms,2003,122.2410093
D22,HDB 2 Rooms,2010,359.0241455
D22,HDB 2 Rooms,2011,433.225256
D22,HDB 2 Rooms,2012,483.9315591
D22,HDB 2 Rooms,2013,486.5285153
D22,HDB 2 Rooms,2014,487.735327
D22,HDB 2 Rooms,2015,430.9400868
D22,HDB 2 Rooms,2016,426.7456034
D22,HDB 2 Rooms,2017,452.1485278
D22,HDB 2 Rooms,2018,451.8742463
D22,HDB 2 Rooms,2019,461.9303698
D22,HDB 2 Rooms,2020,466.5028475
D22,HDB 2 Rooms,2021,521.8237747
D22,HDB 2 Rooms,2022,583.9750927
D22,HDB 3 Rooms,1990,47.61183858
D22,HDB 3 Rooms,1991,51.11296809
D22,HDB 3 Rooms,1992,52.66271859
D22,HDB 3 Rooms,1993,78.11585769
D22,HDB 3 Rooms,1994,110.7227004
D22,HDB 3 Rooms,1995,141.0136859
D22,HDB 3 Rooms,1996,205.1570301
D22,HDB 3 Rooms,1997,224.8555358
D22,HDB 3 Rooms,1998,183.3883828
D22,HDB 3 Rooms,1999,166.1147922
D22,HDB 3 Rooms,2000,187.0047726
D22,HDB 3 Rooms,2001,165.4264257
D22,HDB 3 Rooms,2002,160.9257902
D22,HDB 3 Rooms,2003,182.3705955
D22,HDB 3 Rooms,2004,216.1153918
D22,HDB 3 Rooms,2005,213.6421065
D22,HDB 3 Rooms,2006,203.2155599
D22,HDB 3 Rooms,2007,215.9178869
D22,HDB 3 Rooms,2008,268.3174397
D22,HDB 3 Rooms,2009,302.3325542
D22,HDB 3 Rooms,2010,353.0086668
D22,HDB 3 Rooms,2011,399.60434
D22,HDB 3 Rooms,2012,442.4843175
D22,HDB 3 Rooms,2013,452.2421457
D22,HDB 3 Rooms,2014,422.5952266
D22,HDB 3 Rooms,2015,397.2336973
D22,HDB 3 Rooms,2016,392.8253235
D22,HDB 3 Rooms,2017,371.419409
D22,HDB 3 Rooms,2018,359.2527031
D22,HDB 3 Rooms,2019,350.8272471
D22,HDB 3 Rooms,2020,377.7787021
D22,HDB 3 Rooms,2021,436.5947971
D22,HDB 3 Rooms,2022,470.2211186
D22,HDB 4 Rooms,1990,74.31122668
D22,HDB 4 Rooms,1991,74.51948704
D22,HDB 4 Rooms,1992,82.05737527
D22,HDB 4 Rooms,1993,120.812095
D22,HDB 4 Rooms,1994,152.4851816
D22,HDB 4 Rooms,1995,183.0969285
D22,HDB 4 Rooms,1996,249.8574187
D22,HDB 4 Rooms,1997,257.8586543
D22,HDB 4 Rooms,1998,215.5052029
D22,HDB 4 Rooms,1999,197.6378738
D22,HDB 4 Rooms,2000,205.6475892
D22,HDB 4 Rooms,2001,185.5497943
D22,HDB 4 Rooms,2002,190.2494908
D22,HDB 4 Rooms,2003,198.5455926
D22,HDB 4 Rooms,2004,218.4086946
D22,HDB 4 Rooms,2005,213.7452867
D22,HDB 4 Rooms,2006,212.3481793
D22,HDB 4 Rooms,2007,222.2423882
D22,HDB 4 Rooms,2008,265.4793933
D22,HDB 4 Rooms,2009,296.1691234
D22,HDB 4 Rooms,2010,333.0898992
D22,HDB 4 Rooms,2011,375.2592447
D22,HDB 4 Rooms,2012,402.3159333
D22,HDB 4 Rooms,2013,416.0280964
D22,HDB 4 Rooms,2014,389.969728
D22,HDB 4 Rooms,2015,372.8800814
D22,HDB 4 Rooms,2016,375.0799899
D22,HDB 4 Rooms,2017,363.9308149
D22,HDB 4 Rooms,2018,355.1144725
D22,HDB 4 Rooms,2019,353.3776125
D22,HDB 4 Rooms,2020,368.9516242
D22,HDB 4 Rooms,2021,424.0911207
D22,HDB 4 Rooms,2022,461.0481592
D22,HDB 5 Rooms,1990,88.76666337
D22,HDB 5 Rooms,1991,91.50338401
D22,HDB 5 Rooms,1992,99.80221044
D22,HDB 5 Rooms,1993,149.3218669
D22,HDB 5 Rooms,1994,189.8419123
D22,HDB 5 Rooms,1995,223.4730517
D22,HDB 5 Rooms,1996,286.91704
D22,HDB 5 Rooms,1997,291.1993343
D22,HDB 5 Rooms,1998,240.3889691
D22,HDB 5 Rooms,1999,222.5255275
D22,HDB 5 Rooms,2000,235.5575834
D22,HDB 5 Rooms,2001,213.3438473
D22,HDB 5 Rooms,2002,213.5435509
D22,HDB 5 Rooms,2003,219.1236586
D22,HDB 5 Rooms,2004,224.3442321
D22,HDB 5 Rooms,2005,218.3675864
D22,HDB 5 Rooms,2006,218.7393042
D22,HDB 5 Rooms,2007,229.8844964
D22,HDB 5 Rooms,2008,279.419786
D22,HDB 5 Rooms,2009,302.3329842
D22,HDB 5 Rooms,2010,336.4745268
D22,HDB 5 Rooms,2011,369.6289577
D22,HDB 5 Rooms,2012,398.7898017
D22,HDB 5 Rooms,2013,414.4072521
D22,HDB 5 Rooms,2014,386.6250084
D22,HDB 5 Rooms,2015,373.5237312
D22,HDB 5 Rooms,2016,385.9492229
D22,HDB 5 Rooms,2017,374.8191165
D22,HDB 5 Rooms,2018,362.6868557
D22,HDB 5 Rooms,2019,360.7654575
D22,HDB 5 Rooms,2020,370.2547446
D22,HDB 5 Rooms,2021,413.4922614
D22,HDB 5 Rooms,2022,451.5137733
D22,HDB Executive,1990,107.582721
D22,HDB Executive,1991,108.1505868
D22,HDB Executive,1992,120.5783304
D22,HDB Executive,1993,161.1198613
D22,HDB Executive,1994,206.9669955
D22,HDB Executive,1995,246.9102213
D22,HDB Executive,1996,312.8146271
D22,HDB Executive,1997,313.6287134
D22,HDB Executive,1998,263.0953856
D22,HDB Executive,1999,244.2204942
D22,HDB Executive,2000,269.9796252
D22,HDB Executive,2001,241.6462795
D22,HDB Executive,2002,245.2062345
D22,HDB Executive,2003,243.7792633
D22,HDB Executive,2004,232.4028134
D22,HDB Executive,2005,219.1047491
D22,HDB Executive,2006,215.2947578
D22,HDB Executive,2007,232.1469283
D22,HDB Executive,2008,271.8227706
D22,HDB Executive,2009,292.4623784
D22,HDB Executive,2010,321.1342418
D22,HDB Executive,2011,356.3881398
D22,HDB Executive,2012,394.657466
D22,HDB Executive,2013,409.1194086
D22,HDB Executive,2014,399.0800962
D22,HDB Executive,2015,390.5489894
D22,HDB Executive,2016,391.5446694
D22,HDB Executive,2017,388.879402
D22,HDB Executive,2018,383.5494063
D22,HDB Executive,2019,367.8916601
D22,HDB Executive,2020,382.6870334
D22,HDB Executive,2021,428.3444681
D22,HDB Executive,2022,447.4692596
D23,HDB 2 Rooms,2015,496.8301452
D23,HDB 2 Rooms,2016,497.1933964
D23,HDB 2 Rooms,2017,498.1760019
D23,HDB 2 Rooms,2018,446.6397296
D23,HDB 2 Rooms,2019,460.4745956
D23,HDB 2 Rooms,2020,459.0839213
D23,HDB 2 Rooms,2021,540.22445
D23,HDB 2 Rooms,2022,578.5542415
D23,HDB 3 Rooms,1990,62.4175332
D23,HDB 3 Rooms,1991,62.57293656
D23,HDB 3 Rooms,1992,66.23266847
D23,HDB 3 Rooms,1993,95.90084978
D23,HDB 3 Rooms,1994,118.8977527
D23,HDB 3 Rooms,1995,148.4778105
D23,HDB 3 Rooms,1996,213.8660424
D23,HDB 3 Rooms,1997,236.0148249
D23,HDB 3 Rooms,1998,187.0415557
D23,HDB 3 Rooms,1999,175.428643
D23,HDB 3 Rooms,2000,188.2172783
D23,HDB 3 Rooms,2001,170.5791538
D23,HDB 3 Rooms,2002,170.9451098
D23,HDB 3 Rooms,2003,195.3410938
D23,HDB 3 Rooms,2004,217.1943448
D23,HDB 3 Rooms,2005,214.5351188
D23,HDB 3 Rooms,2006,206.1881558
D23,HDB 3 Rooms,2007,217.5582507
D23,HDB 3 Rooms,2008,273.1049563
D23,HDB 3 Rooms,2009,309.3058413
D23,HDB 3 Rooms,2010,357.759897
D23,HDB 3 Rooms,2011,407.6519429
D23,HDB 3 Rooms,2012,439.4036359
D23,HDB 3 Rooms,2013,450.9427538
D23,HDB 3 Rooms,2014,414.7349132
D23,HDB 3 Rooms,2015,386.8615246
D23,HDB 3 Rooms,2016,377.6310317
D23,HDB 3 Rooms,2017,369.7476392
D23,HDB 3 Rooms,2018,358.4024369
D23,HDB 3 Rooms,2019,360.9828567
D23,HDB 3 Rooms,2020,389.4413744
D23,HDB 3 Rooms,2021,448.2111923
D23,HDB 3 Rooms,2022,493.2256472
D23,HDB 4 Rooms,1990,75.33072487
D23,HDB 4 Rooms,1991,75.35551123
D23,HDB 4 Rooms,1992,82.83467911
D23,HDB 4 Rooms,1993,123.5864662
D23,HDB 4 Rooms,1994,156.2779872
D23,HDB 4 Rooms,1995,187.0023635
D23,HDB 4 Rooms,1996,256.2425715
D23,HDB 4 Rooms,1997,266.4732575
D23,HDB 4 Rooms,1998,221.2058211
D23,HDB 4 Rooms,1999,212.9157259
D23,HDB 4 Rooms,2000,223.4489718
D23,HDB 4 Rooms,2001,203.9116291
D23,HDB 4 Rooms,2002,195.6934964
D23,HDB 4 Rooms,2003,204.2580068
D23,HDB 4 Rooms,2004,208.9070235
D23,HDB 4 Rooms,2005,208.8044493
D23,HDB 4 Rooms,2006,209.5785234
D23,HDB 4 Rooms,2007,224.1038874
D23,HDB 4 Rooms,2008,279.9739612
D23,HDB 4 Rooms,2009,297.8680943
D23,HDB 4 Rooms,2010,330.3736765
D23,HDB 4 Rooms,2011,372.6057886
D23,HDB 4 Rooms,2012,402.9215602
D23,HDB 4 Rooms,2013,414.743067
D23,HDB 4 Rooms,2014,382.9192287
D23,HDB 4 Rooms,2015,352.7665501
D23,HDB 4 Rooms,2016,350.0471309
D23,HDB 4 Rooms,2017,355.6427481
D23,HDB 4 Rooms,2018,345.3300982
D23,HDB 4 Rooms,2019,349.6120157
D23,HDB 4 Rooms,2020,376.7870983
D23,HDB 4 Rooms,2021,435.797632
D23,HDB 4 Rooms,2022,473.5475275
D23,HDB 5 Rooms,1990,92.42607233
D23,HDB 5 Rooms,1991,94.88513253
D23,HDB 5 Rooms,1992,108.7853956
D23,HDB 5 Rooms,1993,156.082787
D23,HDB 5 Rooms,1994,190.3173519
D23,HDB 5 Rooms,1995,226.7242668
D23,HDB 5 Rooms,1996,296.1017824
D23,HDB 5 Rooms,1997,300.5313363
D23,HDB 5 Rooms,1998,259.4876015
D23,HDB 5 Rooms,1999,248.9535938
D23,HDB 5 Rooms,2000,266.8268901
D23,HDB 5 Rooms,2001,242.9683764
D23,HDB 5 Rooms,2002,232.593651
D23,HDB 5 Rooms,2003,231.578553
D23,HDB 5 Rooms,2004,226.4384921
D23,HDB 5 Rooms,2005,218.7800879
D23,HDB 5 Rooms,2006,218.1022902
D23,HDB 5 Rooms,2007,233.7195963
D23,HDB 5 Rooms,2008,284.4528539
D23,HDB 5 Rooms,2009,297.3022961
D23,HDB 5 Rooms,2010,330.1080106
D23,HDB 5 Rooms,2011,367.9431127
D23,HDB 5 Rooms,2012,394.24612
D23,HDB 5 Rooms,2013,412.5150177
D23,HDB 5 Rooms,2014,385.521675
D23,HDB 5 Rooms,2015,359.90289
D23,HDB 5 Rooms,2016,355.989218
D23,HDB 5 Rooms,2017,361.315953
D23,HDB 5 Rooms,2018,355.6246525
D23,HDB 5 Rooms,2019,355.8115129
D23,HDB 5 Rooms,2020,382.370423
D23,HDB 5 Rooms,2021,434.4577195
D23,HDB 5 Rooms,2022,478.3958086
D23,HDB Executive,1990,109.0999715
D23,HDB Executive,1991,114.8739751
D23,HDB Executive,1992,125.7673869
D23,HDB Executive,1993,180.0113971
D23,HDB Executive,1994,221.8146457
D23,HDB Executive,1995,259.6216563
D23,HDB Executive,1996,335.4488621
D23,HDB Executive,1997,333.9935442
D23,HDB Executive,1998,289.0273473
D23,HDB Executive,1999,269.742297
D23,HDB Executive,2000,290.4872801
D23,HDB Executive,2001,266.6988398
D23,HDB Executive,2002,259.7389939
D23,HDB Executive,2003,248.8405103
D23,HDB Executive,2004,235.5546633
D23,HDB Executive,2005,225.3232236
D23,HDB Executive,2006,221.0922852
D23,HDB Executive,2007,231.3410685
D23,HDB Executive,2008,280.9480781
D23,HDB Executive,2009,292.2998922
D23,HDB Executive,2010,329.0655414
D23,HDB Executive,2011,363.8776017
D23,HDB Executive,2012,393.7858809
D23,HDB Executive,2013,417.0711758
D23,HDB Executive,2014,391.5936876
D23,HDB Executive,2015,384.2262768
D23,HDB Executive,2016,380.2506486
D23,HDB Executive,2017,377.7917132
D23,HDB Executive,2018,368.3214691
D23,HDB Executive,2019,373.8239106
D23,HDB Executive,2020,378.0296861
D23,HDB Executive,2021,433.2373718
D23,HDB Executive,2022,471.469067
D24,HDB 3 Rooms,1990,32.1221862
D24,HDB 3 Rooms,1991,40.33880444
D24,HDB 3 Rooms,1992,38.07448973
D24,HDB 3 Rooms,1994,75.31679967
D24,HDB 3 Rooms,1995,91.72209887
D24,HDB 3 Rooms,1996,129.4592109
D24,HDB 3 Rooms,1997,131.5677094
D24,HDB 3 Rooms,1998,114.9079794
D24,HDB 4 Rooms,1990,43.76527095
D24,HDB 4 Rooms,1991,43.62777432
D24,HDB 4 Rooms,1992,39.17632085
D24,HDB 4 Rooms,1993,63.52112153
D24,HDB 4 Rooms,1995,109.1333067
D24,HDB 4 Rooms,1996,149.4281812
D24,HDB 4 Rooms,1997,167.8973235
D24,HDB 4 Rooms,1998,111.931549
D25,HDB 2 Rooms,1995,93.93528368
D25,HDB 2 Rooms,1998,164.128708
D25,HDB 2 Rooms,1999,154.8388595
D25,HDB 2 Rooms,2002,123.8705302
D25,HDB 2 Rooms,2003,204.3868858
D25,HDB 2 Rooms,2004,189.9353394
D25,HDB 2 Rooms,2005,181.6776447
D25,HDB 2 Rooms,2007,222.6233057
D25,HDB 2 Rooms,2008,269.2123673
D25,HDB 2 Rooms,2009,262.1930713
D25,HDB 2 Rooms,2010,427.3543976
D25,HDB 2 Rooms,2011,472.7735765
D25,HDB 2 Rooms,2012,509.1093377
D25,HDB 2 Rooms,2013,530.1673185
D25,HDB 2 Rooms,2014,503.0531065
D25,HDB 2 Rooms,2015,474.8381163
D25,HDB 2 Rooms,2017,388.1288381
D25,HDB 2 Rooms,2018,392.2574532
D25,HDB 2 Rooms,2019,438.0994455
D25,HDB 2 Rooms,2020,447.2857577
D25,HDB 2 Rooms,2021,521.1461101
D25,HDB 2 Rooms,2022,608.5010346
D25,HDB 3 Rooms,1990,41.74294551
D25,HDB 3 Rooms,1991,46.05795104
D25,HDB 3 Rooms,1992,46.80450608
D25,HDB 3 Rooms,1993,68.65016153
D25,HDB 3 Rooms,1994,96.09424112
D25,HDB 3 Rooms,1995,127.4295688
D25,HDB 3 Rooms,1996,190.4641099
D25,HDB 3 Rooms,1997,214.0589231
D25,HDB 3 Rooms,1998,169.786697
D25,HDB 3 Rooms,1999,154.8370864
D25,HDB 3 Rooms,2000,168.1074527
D25,HDB 3 Rooms,2001,159.1303077
D25,HDB 3 Rooms,2002,154.5454655
D25,HDB 3 Rooms,2003,177.5152395
D25,HDB 3 Rooms,2004,205.2773053
D25,HDB 3 Rooms,2005,208.0587817
D25,HDB 3 Rooms,2006,193.2250707
D25,HDB 3 Rooms,2007,202.9364014
D25,HDB 3 Rooms,2008,245.4249368
D25,HDB 3 Rooms,2009,278.5419988
D25,HDB 3 Rooms,2010,327.0151118
D25,HDB 3 Rooms,2011,386.2205003
D25,HDB 3 Rooms,2012,420.747388
D25,HDB 3 Rooms,2013,436.9080045
D25,HDB 3 Rooms,2014,400.4481309
D25,HDB 3 Rooms,2015,373.0185568
D25,HDB 3 Rooms,2016,366.1550068
D25,HDB 3 Rooms,2017,358.7034065
D25,HDB 3 Rooms,2018,356.986622
D25,HDB 3 Rooms,2019,350.2212656
D25,HDB 3 Rooms,2020,360.5118593
D25,HDB 3 Rooms,2021,424.6479932
D25,HDB 3 Rooms,2022,476.7459761
D25,HDB 4 Rooms,1990,59.56504667
D25,HDB 4 Rooms,1991,57.87193736
D25,HDB 4 Rooms,1992,63.14008924
D25,HDB 4 Rooms,1993,96.76702859
D25,HDB 4 Rooms,1994,129.083603
D25,HDB 4 Rooms,1995,159.2511419
D25,HDB 4 Rooms,1996,234.9716065
D25,HDB 4 Rooms,1997,248.0996113
D25,HDB 4 Rooms,1998,202.1138803
D25,HDB 4 Rooms,1999,199.7437665
D25,HDB 4 Rooms,2000,209.5300894
D25,HDB 4 Rooms,2001,196.1850197
D25,HDB 4 Rooms,2002,187.0915128
D25,HDB 4 Rooms,2003,197.1499823
D25,HDB 4 Rooms,2004,212.7601006
D25,HDB 4 Rooms,2005,210.4333235
D25,HDB 4 Rooms,2006,203.6358617
D25,HDB 4 Rooms,2007,216.3821963
D25,HDB 4 Rooms,2008,254.1697895
D25,HDB 4 Rooms,2009,275.1179482
D25,HDB 4 Rooms,2010,311.1253022
D25,HDB 4 Rooms,2011,353.261743
D25,HDB 4 Rooms,2012,381.3580874
D25,HDB 4 Rooms,2013,394.5923011
D25,HDB 4 Rooms,2014,364.3867529
D25,HDB 4 Rooms,2015,343.211543
D25,HDB 4 Rooms,2016,339.3791493
D25,HDB 4 Rooms,2017,332.223128
D25,HDB 4 Rooms,2018,321.6519265
D25,HDB 4 Rooms,2019,325.7991104
D25,HDB 4 Rooms,2020,341.3569708
D25,HDB 4 Rooms,2021,399.9154926
D25,HDB 4 Rooms,2022,452.1108554
D25,HDB 5 Rooms,1990,66.5619598
D25,HDB 5 Rooms,1991,69.50802219
D25,HDB 5 Rooms,1992,77.80355324
D25,HDB 5 Rooms,1993,118.9149561
D25,HDB 5 Rooms,1994,158.5722195
D25,HDB 5 Rooms,1995,202.6179197
D25,HDB 5 Rooms,1996,268.8942145
D25,HDB 5 Rooms,1997,270.8103377
D25,HDB 5 Rooms,1998,232.3279679
D25,HDB 5 Rooms,1999,226.942652
D25,HDB 5 Rooms,2000,235.3410585
D25,HDB 5 Rooms,2001,221.3565139
D25,HDB 5 Rooms,2002,211.7881065
D25,HDB 5 Rooms,2003,215.6252564
D25,HDB 5 Rooms,2004,217.8927172
D25,HDB 5 Rooms,2005,212.444965
D25,HDB 5 Rooms,2006,210.2185072
D25,HDB 5 Rooms,2007,217.9749541
D25,HDB 5 Rooms,2008,253.6430498
D25,HDB 5 Rooms,2009,269.5368743
D25,HDB 5 Rooms,2010,297.8865621
D25,HDB 5 Rooms,2011,329.2066907
D25,HDB 5 Rooms,2012,356.9000703
D25,HDB 5 Rooms,2013,370.471581
D25,HDB 5 Rooms,2014,346.942191
D25,HDB 5 Rooms,2015,331.285462
D25,HDB 5 Rooms,2016,332.0711029
D25,HDB 5 Rooms,2017,323.574113
D25,HDB 5 Rooms,2018,316.0291174
D25,HDB 5 Rooms,2019,313.6854066
D25,HDB 5 Rooms,2020,328.5760799
D25,HDB 5 Rooms,2021,387.5205152
D25,HDB 5 Rooms,2022,434.8999037
D25,HDB Executive,1992,114.1003725
D25,HDB Executive,1993,159.3544825
D25,HDB Executive,1994,194.7406377
D25,HDB Executive,1995,233.2007182
D25,HDB Executive,1996,341.6595371
D25,HDB Executive,1997,318.8375341
D25,HDB Executive,1998,252.092643
D25,HDB Executive,1999,231.3504683
D25,HDB Executive,2000,254.6071045
D25,HDB Executive,2001,247.3093004
D25,HDB Executive,2002,241.8082279
D25,HDB Executive,2003,239.7145421
D25,HDB Executive,2004,228.6478947
D25,HDB Executive,2005,217.1966778
D25,HDB Executive,2006,211.4876293
D25,HDB Executive,2007,214.4675465
D25,HDB Executive,2008,245.6985339
D25,HDB Executive,2009,256.5296171
D25,HDB Executive,2010,288.9134079
D25,HDB Executive,2011,327.9224648
D25,HDB Executive,2012,366.6397404
D25,HDB Executive,2013,385.8816302
D25,HDB Executive,2014,372.0957387
D25,HDB Executive,2015,362.7943743
D25,HDB Executive,2016,360.7024672
D25,HDB Executive,2017,360.8941494
D25,HDB Executive,2018,353.1450273
D25,HDB Executive,2019,353.7656262
D25,HDB Executive,2020,360.564589
D25,HDB Executive,2021,413.3515039
D25,HDB Executive,2022,460.5095314
D27,HDB 2 Rooms,2014,557.4187794
D27,HDB 2 Rooms,2016,520.2286243
D27,HDB 2 Rooms,2017,485.7984958
D27,HDB 2 Rooms,2018,468.9084192
D27,HDB 2 Rooms,2019,449.4144602
D27,HDB 2 Rooms,2020,456.5783086
D27,HDB 2 Rooms,2021,521.5080881
D27,HDB 2 Rooms,2022,619.6456184
D27,HDB 3 Rooms,1990,55.07455835
D27,HDB 3 Rooms,1991,56.64896387
D27,HDB 3 Rooms,1992,62.23050397
D27,HDB 3 Rooms,1993,96.57606945
D27,HDB 3 Rooms,1994,122.4624788
D27,HDB 3 Rooms,1995,156.71898
D27,HDB 3 Rooms,1996,222.3618179
D27,HDB 3 Rooms,1997,250.4624239
D27,HDB 3 Rooms,1998,197.1507957
D27,HDB 3 Rooms,1999,185.7820926
D27,HDB 3 Rooms,2000,197.8124689
D27,HDB 3 Rooms,2001,181.8403727
D27,HDB 3 Rooms,2002,175.9616841
D27,HDB 3 Rooms,2003,195.2796192
D27,HDB 3 Rooms,2004,220.646739
D27,HDB 3 Rooms,2005,215.4926168
D27,HDB 3 Rooms,2006,205.5813302
D27,HDB 3 Rooms,2007,216.1936707
D27,HDB 3 Rooms,2008,264.9358876
D27,HDB 3 Rooms,2009,302.6646226
D27,HDB 3 Rooms,2010,351.6617649
D27,HDB 3 Rooms,2011,400.571966
D27,HDB 3 Rooms,2012,441.2170622
D27,HDB 3 Rooms,2013,452.4242746
D27,HDB 3 Rooms,2014,413.7338798
D27,HDB 3 Rooms,2015,392.4162246
D27,HDB 3 Rooms,2016,391.9018318
D27,HDB 3 Rooms,2017,379.8324353
D27,HDB 3 Rooms,2018,361.3391615
D27,HDB 3 Rooms,2019,372.261653
D27,HDB 3 Rooms,2020,386.8785319
D27,HDB 3 Rooms,2021,447.1415985
D27,HDB 3 Rooms,2022,507.8419839
D27,HDB 4 Rooms,1990,66.28234519
D27,HDB 4 Rooms,1991,68.29427938
D27,HDB 4 Rooms,1992,74.03611188
D27,HDB 4 Rooms,1993,123.357257
D27,HDB 4 Rooms,1994,158.2344226
D27,HDB 4 Rooms,1995,193.5197925
D27,HDB 4 Rooms,1996,260.523841
D27,HDB 4 Rooms,1997,269.7906688
D27,HDB 4 Rooms,1998,221.6788931
D27,HDB 4 Rooms,1999,209.8690521
D27,HDB 4 Rooms,2000,216.501301
D27,HDB 4 Rooms,2001,193.7597847
D27,HDB 4 Rooms,2002,182.1354664
D27,HDB 4 Rooms,2003,194.4475688
D27,HDB 4 Rooms,2004,205.5904782
D27,HDB 4 Rooms,2005,204.643156
D27,HDB 4 Rooms,2006,202.4182216
D27,HDB 4 Rooms,2007,213.399177
D27,HDB 4 Rooms,2008,256.0394457
D27,HDB 4 Rooms,2009,287.1768934
D27,HDB 4 Rooms,2010,323.8876
D27,HDB 4 Rooms,2011,370.118781
D27,HDB 4 Rooms,2012,403.2010931
D27,HDB 4 Rooms,2013,415.95623
D27,HDB 4 Rooms,2014,379.671132
D27,HDB 4 Rooms,2015,359.4017744
D27,HDB 4 Rooms,2016,363.8061133
D27,HDB 4 Rooms,2017,351.8660104
D27,HDB 4 Rooms,2018,339.4449257
D27,HDB 4 Rooms,2019,360.8687594
D27,HDB 4 Rooms,2020,370.0771676
D27,HDB 4 Rooms,2021,428.0080999
D27,HDB 4 Rooms,2022,473.6590384
D27,HDB 5 Rooms,1990,83.88683561
D27,HDB 5 Rooms,1991,87.62875379
D27,HDB 5 Rooms,1992,98.12806947
D27,HDB 5 Rooms,1993,155.470093
D27,HDB 5 Rooms,1994,201.3978654
D27,HDB 5 Rooms,1995,243.2667645
D27,HDB 5 Rooms,1996,312.0995899
D27,HDB 5 Rooms,1997,308.9939317
D27,HDB 5 Rooms,1998,262.1675682
D27,HDB 5 Rooms,1999,245.8203426
D27,HDB 5 Rooms,2000,251.9780948
D27,HDB 5 Rooms,2001,226.0525077
D27,HDB 5 Rooms,2002,213.096132
D27,HDB 5 Rooms,2003,219.9256975
D27,HDB 5 Rooms,2004,223.0097375
D27,HDB 5 Rooms,2005,221.003641
D27,HDB 5 Rooms,2006,220.2650957
D27,HDB 5 Rooms,2007,230.8771569
D27,HDB 5 Rooms,2008,272.4206602
D27,HDB 5 Rooms,2009,290.7707942
D27,HDB 5 Rooms,2010,322.1424643
D27,HDB 5 Rooms,2011,356.7667572
D27,HDB 5 Rooms,2012,388.0835124
D27,HDB 5 Rooms,2013,396.3132617
D27,HDB 5 Rooms,2014,367.1541713
D27,HDB 5 Rooms,2015,347.9286741
D27,HDB 5 Rooms,2016,344.9874482
D27,HDB 5 Rooms,2017,343.4937824
D27,HDB 5 Rooms,2018,335.6232164
D27,HDB 5 Rooms,2019,361.1229634
D27,HDB 5 Rooms,2020,374.7634482
D27,HDB 5 Rooms,2021,422.5413529
D27,HDB 5 Rooms,2022,480.272832
D27,HDB Executive,1990,101.5398271
D27,HDB Executive,1991,104.8269933
D27,HDB Executive,1992,123.4379703
D27,HDB Executive,1993,182.1872812
D27,HDB Executive,1994,229.3577245
D27,HDB Executive,1995,273.4014805
D27,HDB Executive,1996,347.2666327
D27,HDB Executive,1997,340.5682917
D27,HDB Executive,1998,288.6439947
D27,HDB Executive,1999,263.9764046
D27,HDB Executive,2000,270.7638095
D27,HDB Executive,2001,248.7351321
D27,HDB Executive,2002,237.6780675
D27,HDB Executive,2003,238.703694
D27,HDB Executive,2004,225.3931716
D27,HDB Executive,2005,220.4339196
D27,HDB Executive,2006,215.9523631
D27,HDB Executive,2007,224.1789023
D27,HDB Executive,2008,260.2585549
D27,HDB Executive,2009,278.1515781
D27,HDB Executive,2010,311.457645
D27,HDB Executive,2011,349.6557319
D27,HDB Executive,2012,378.7296573
D27,HDB Executive,2013,399.8889186
D27,HDB Executive,2014,368.1616616
D27,HDB Executive,2015,359.3844408
D27,HDB Executive,2016,357.6548439
D27,HDB Executive,2017,350.1079864
D27,HDB Executive,2018,346.5687229
D27,HDB Executive,2019,346.8788671
D27,HDB Executive,2020,361.2057263
D27,HDB Executive,2021,411.4486956
D27,HDB Executive,2022,463.0788068
D27,NA,1991,97.12743522
D27,NA,1992,117.7070462
D27,NA,1993,152.1415244
D27,NA,1994,211.6660009
D27,NA,1995,260.5556781
D27,NA,1996,333.4229461
D27,NA,1997,333.5881487
D27,NA,1998,281.6222512
D27,NA,1999,252.7117352
D27,NA,2000,255.4171152
D27,NA,2001,251.5679145
D27,NA,2002,242.5960851
D27,NA,2003,223.6764954
D27,NA,2004,220.7313334
D27,NA,2005,219.5375282
D27,NA,2006,206.642806
D27,NA,2007,216.8181692
D27,NA,2008,266.4480346
D27,NA,2009,273.5500807
D27,NA,2010,329.9348981
D27,NA,2011,373.5638337
D27,NA,2012,393.6122904
D27,NA,2013,434.0423081
D27,NA,2014,427.7188875
D27,NA,2016,392.2363951
D27,NA,2017,395.694869
D27,NA,2018,421.0761073
D27,NA,2019,424.2168266
D27,NA,2020,421.3835134
D27,NA,2021,457.7541597
D27,NA,2022,500.7060638
D3,NA,1990,25.11186466
D3,NA,1991,28.34286106
D3,NA,1992,30.03962444
D3,NA,1993,51.52511548
D3,NA,1994,72.01174502
D3,NA,1995,104.6229526
D3,NA,1996,156.0572898
D3,NA,1997,199.8733121
D3,NA,1998,146.9367357
D3,NA,1999,128.1244368
D3,NA,2000,150.3065705
D3,NA,2001,126.1505874
D3,NA,2002,137.5173919
D3,NA,2003,164.1955443
D3,NA,2004,195.4104084
D3,NA,2005,216.3611702
D3,NA,2006,247.4670736
D3,NA,2007,292.3453129
D3,NA,2008,367.0384585
D3,NA,2009,460.1534863
D3,NA,2010,564.8395718
D3,NA,2011,640.5819452
D3,NA,2012,710.4467828
D3,NA,2013,719.4997476
D3,NA,2014,665.9805461
D3,NA,2015,623.6828659
D3,NA,2016,637.1354249
D3,NA,2017,602.0388108
D3,NA,2018,551.7578821
D3,NA,2019,526.9782243
D3,NA,2020,539.4373786
D3,NA,2021,591.0502286
D3,NA,2022,689.2813014
D3,HDB 2 Rooms,1990,34.80079978
D3,HDB 2 Rooms,1991,36.74374917
D3,HDB 2 Rooms,1992,39.48654059
D3,HDB 2 Rooms,1993,67.78131639
D3,HDB 2 Rooms,1994,89.00344564
D3,HDB 2 Rooms,1995,115.1033325
D3,HDB 2 Rooms,1996,171.2329215
D3,HDB 2 Rooms,1997,212.9795857
D3,HDB 2 Rooms,1998,159.1685074
D3,HDB 2 Rooms,1999,149.1173376
D3,HDB 2 Rooms,2000,162.8121906
D3,HDB 2 Rooms,2001,147.8987683
D3,HDB 2 Rooms,2002,158.2825114
D3,HDB 2 Rooms,2003,181.0088472
D3,HDB 2 Rooms,2004,213.5921293
D3,HDB 2 Rooms,2005,222.6046679
D3,HDB 2 Rooms,2006,236.0912866
D3,HDB 2 Rooms,2007,271.5537962
D3,HDB 2 Rooms,2008,341.3725508
D3,HDB 2 Rooms,2009,394.8614654
D3,HDB 2 Rooms,2010,453.807581
D3,HDB 2 Rooms,2011,535.6802482
D3,HDB 2 Rooms,2012,570.7941818
D3,HDB 2 Rooms,2013,579.9702401
D3,HDB 2 Rooms,2014,558.9390635
D3,HDB 2 Rooms,2015,534.6197763
D3,HDB 2 Rooms,2016,529.5194417
D3,HDB 2 Rooms,2017,512.8202407
D3,HDB 2 Rooms,2018,503.0882301
D3,HDB 2 Rooms,2019,503.8075063
D3,HDB 2 Rooms,2020,501.7149918
D3,HDB 2 Rooms,2021,556.0366463
D3,HDB 2 Rooms,2022,613.7548859
D3,HDB 3 Rooms,1990,56.33623038
D3,HDB 3 Rooms,1991,59.32053611
D3,HDB 3 Rooms,1992,65.62566306
D3,HDB 3 Rooms,1993,99.88365769
D3,HDB 3 Rooms,1994,135.5703031
D3,HDB 3 Rooms,1995,172.313824
D3,HDB 3 Rooms,1996,244.9056513
D3,HDB 3 Rooms,1997,283.6027419
D3,HDB 3 Rooms,1998,225.1502686
D3,HDB 3 Rooms,1999,207.9111011
D3,HDB 3 Rooms,2000,221.0577567
D3,HDB 3 Rooms,2001,202.1852305
D3,HDB 3 Rooms,2002,207.8927649
D3,HDB 3 Rooms,2003,234.3168981
D3,HDB 3 Rooms,2004,256.9915344
D3,HDB 3 Rooms,2005,253.4669159
D3,HDB 3 Rooms,2006,257.969117
D3,HDB 3 Rooms,2007,292.3103561
D3,HDB 3 Rooms,2008,372.7887374
D3,HDB 3 Rooms,2009,403.5059535
D3,HDB 3 Rooms,2010,462.5464049
D3,HDB 3 Rooms,2011,517.7595705
D3,HDB 3 Rooms,2012,562.168563
D3,HDB 3 Rooms,2013,590.016852
D3,HDB 3 Rooms,2014,556.3056145
D3,HDB 3 Rooms,2015,544.6142285
D3,HDB 3 Rooms,2016,542.167245
D3,HDB 3 Rooms,2017,552.7896755
D3,HDB 3 Rooms,2018,529.5139848
D3,HDB 3 Rooms,2019,508.6541551
D3,HDB 3 Rooms,2020,529.8176248
D3,HDB 3 Rooms,2021,568.0544265
D3,HDB 3 Rooms,2022,613.8574637
D3,HDB 4 Rooms,1990,95.8878335
D3,HDB 4 Rooms,1991,99.05359582
D3,HDB 4 Rooms,1992,113.1290408
D3,HDB 4 Rooms,1993,159.2850175
D3,HDB 4 Rooms,1994,204.7163483
D3,HDB 4 Rooms,1995,248.5580609
D3,HDB 4 Rooms,1996,327.0074776
D3,HDB 4 Rooms,1997,349.3428636
D3,HDB 4 Rooms,1998,296.7461231
D3,HDB 4 Rooms,1999,282.7756613
D3,HDB 4 Rooms,2000,307.5435391
D3,HDB 4 Rooms,2001,294.9238891
D3,HDB 4 Rooms,2002,292.1676272
D3,HDB 4 Rooms,2003,293.9992472
D3,HDB 4 Rooms,2004,298.5880318
D3,HDB 4 Rooms,2005,299.7077453
D3,HDB 4 Rooms,2006,315.0637996
D3,HDB 4 Rooms,2007,374.4584664
D3,HDB 4 Rooms,2008,441.0281751
D3,HDB 4 Rooms,2009,460.2815106
D3,HDB 4 Rooms,2010,521.4970498
D3,HDB 4 Rooms,2011,580.7887498
D3,HDB 4 Rooms,2012,638.4296419
D3,HDB 4 Rooms,2013,680.7881049
D3,HDB 4 Rooms,2014,653.4049555
D3,HDB 4 Rooms,2015,649.5646967
D3,HDB 4 Rooms,2016,654.8617063
D3,HDB 4 Rooms,2017,666.7072809
D3,HDB 4 Rooms,2018,669.8686634
D3,HDB 4 Rooms,2019,664.4165559
D3,HDB 4 Rooms,2020,718.5076021
D3,HDB 4 Rooms,2021,749.1457264
D3,HDB 4 Rooms,2022,765.5121713
D3,HDB 5 Rooms,1990,119.1898241
D3,HDB 5 Rooms,1991,125.3835592
D3,HDB 5 Rooms,1992,141.5438978
D3,HDB 5 Rooms,1993,199.4949166
D3,HDB 5 Rooms,1994,251.8696379
D3,HDB 5 Rooms,1995,301.5201057
D3,HDB 5 Rooms,1996,382.3914121
D3,HDB 5 Rooms,1997,388.922372
D3,HDB 5 Rooms,1998,339.0442669
D3,HDB 5 Rooms,1999,330.3732838
D3,HDB 5 Rooms,2000,350.9287398
D3,HDB 5 Rooms,2001,332.637286
D3,HDB 5 Rooms,2002,327.855232
D3,HDB 5 Rooms,2003,318.9471351
D3,HDB 5 Rooms,2004,307.9122001
D3,HDB 5 Rooms,2005,302.8988624
D3,HDB 5 Rooms,2006,314.570073
D3,HDB 5 Rooms,2007,380.6071862
D3,HDB 5 Rooms,2008,459.475566
D3,HDB 5 Rooms,2009,456.9992859
D3,HDB 5 Rooms,2010,515.3445535
D3,HDB 5 Rooms,2011,564.2363056
D3,HDB 5 Rooms,2012,604.7030015
D3,HDB 5 Rooms,2013,633.9843145
D3,HDB 5 Rooms,2014,619.8370292
D3,HDB 5 Rooms,2015,626.493679
D3,HDB 5 Rooms,2016,609.1421346
D3,HDB 5 Rooms,2017,614.0662711
D3,HDB 5 Rooms,2018,634.5045105
D3,HDB 5 Rooms,2019,621.5600882
D3,HDB 5 Rooms,2020,629.0645396
D3,HDB 5 Rooms,2021,674.6702978
D3,HDB 5 Rooms,2022,702.0170727
D3,HDB Executive,1994,348.0597181
D3,HDB Executive,1996,444.8880053
D3,HDB Executive,1997,366.8400858
D3,HDB Executive,1998,307.6951663
D3,HDB Executive,1999,368.6873141
D3,HDB Executive,2000,395.6424647
D3,HDB Executive,2001,392.6678527
D3,HDB Executive,2002,368.8348554
D3,HDB Executive,2003,374.6654713
D3,HDB Executive,2004,370.2581081
D3,HDB Executive,2005,318.9727701
D3,HDB Executive,2006,323.1503451
D3,HDB Executive,2007,389.1765531
D3,HDB Executive,2008,502.9932061
D3,HDB Executive,2009,446.0119341
D3,HDB Executive,2010,469.3321091
D3,HDB Executive,2011,521.8895258
D3,HDB Executive,2012,561.9483644
D3,HDB Executive,2013,606.9668057
D3,HDB Executive,2014,564.7051719
D3,HDB Executive,2015,557.7964307
D3,HDB Executive,2016,593.7801355
D3,HDB Executive,2017,592.2157795
D3,HDB Executive,2018,629.4022613
D3,HDB Executive,2019,642.4390788
D3,HDB Executive,2020,613.198469
D3,HDB Executive,2021,592.3515507
D3,HDB Executive,2022,722.6607987
D5,HDB 2 Rooms,2006,255.7474521
D5,HDB 2 Rooms,2007,296.6564164
D5,HDB 2 Rooms,2008,293.4893487
D5,HDB 2 Rooms,2009,365.2779197
D5,HDB 2 Rooms,2010,453.2545515
D5,HDB 2 Rooms,2011,525.7471734
D5,HDB 2 Rooms,2012,559.5304676
D5,HDB 2 Rooms,2014,550.0285677
D5,HDB 2 Rooms,2015,580.6445619
D5,HDB 2 Rooms,2016,565.864603
D5,HDB 2 Rooms,2017,644.6343797
D5,HDB 2 Rooms,2018,602.6475328
D5,HDB 2 Rooms,2019,536.1913433
D5,HDB 2 Rooms,2020,587.6028515
D5,HDB 2 Rooms,2021,621.2015394
D5,HDB 2 Rooms,2022,701.8594561
D5,HDB 3 Rooms,1990,63.94048183
D5,HDB 3 Rooms,1991,64.68858731
D5,HDB 3 Rooms,1992,69.11129461
D5,HDB 3 Rooms,1993,103.9698135
D5,HDB 3 Rooms,1994,134.8287727
D5,HDB 3 Rooms,1995,172.4213085
D5,HDB 3 Rooms,1996,247.2256501
D5,HDB 3 Rooms,1997,276.0851303
D5,HDB 3 Rooms,1998,220.9503019
D5,HDB 3 Rooms,1999,208.1396221
D5,HDB 3 Rooms,2000,222.2764999
D5,HDB 3 Rooms,2001,203.3988943
D5,HDB 3 Rooms,2002,204.6118637
D5,HDB 3 Rooms,2003,228.2940026
D5,HDB 3 Rooms,2004,242.261336
D5,HDB 3 Rooms,2005,239.4810515
D5,HDB 3 Rooms,2006,236.7925958
D5,HDB 3 Rooms,2007,261.434781
D5,HDB 3 Rooms,2008,323.7645016
D5,HDB 3 Rooms,2009,355.1484178
D5,HDB 3 Rooms,2010,414.7465846
D5,HDB 3 Rooms,2011,466.3537025
D5,HDB 3 Rooms,2012,499.9900244
D5,HDB 3 Rooms,2013,509.9550887
D5,HDB 3 Rooms,2014,484.7286716
D5,HDB 3 Rooms,2015,456.0387589
D5,HDB 3 Rooms,2016,456.5263825
D5,HDB 3 Rooms,2017,460.6931247
D5,HDB 3 Rooms,2018,436.8701348
D5,HDB 3 Rooms,2019,416.6672449
D5,HDB 3 Rooms,2020,466.9622096
D5,HDB 3 Rooms,2021,503.176032
D5,HDB 3 Rooms,2022,570.5218815
D5,HDB 4 Rooms,1990,81.91530082
D5,HDB 4 Rooms,1991,84.0487326
D5,HDB 4 Rooms,1992,96.44282407
D5,HDB 4 Rooms,1993,139.6263306
D5,HDB 4 Rooms,1994,188.8332834
D5,HDB 4 Rooms,1995,235.4859746
D5,HDB 4 Rooms,1996,317.6513069
D5,HDB 4 Rooms,1997,323.6675613
D5,HDB 4 Rooms,1998,271.0881267
D5,HDB 4 Rooms,1999,255.6479943
D5,HDB 4 Rooms,2000,267.3203868
D5,HDB 4 Rooms,2001,243.1509026
D5,HDB 4 Rooms,2002,242.3498918
D5,HDB 4 Rooms,2003,247.1786967
D5,HDB 4 Rooms,2004,251.2783652
D5,HDB 4 Rooms,2005,252.8979431
D5,HDB 4 Rooms,2006,273.0560475
D5,HDB 4 Rooms,2007,313.0957026
D5,HDB 4 Rooms,2008,363.3129605
D5,HDB 4 Rooms,2009,395.292355
D5,HDB 4 Rooms,2010,438.4002026
D5,HDB 4 Rooms,2011,498.8899148
D5,HDB 4 Rooms,2012,521.2834526
D5,HDB 4 Rooms,2013,548.1935524
D5,HDB 4 Rooms,2014,517.0660055
D5,HDB 4 Rooms,2015,529.6803777
D5,HDB 4 Rooms,2016,530.9438539
D5,HDB 4 Rooms,2017,556.3780392
D5,HDB 4 Rooms,2018,570.7247444
D5,HDB 4 Rooms,2019,529.162322
D5,HDB 4 Rooms,2020,592.6779521
D5,HDB 4 Rooms,2021,669.2465133
D5,HDB 4 Rooms,2022,671.2713217
D5,HDB 5 Rooms,1990,107.5637021
D5,HDB 5 Rooms,1991,112.6301473
D5,HDB 5 Rooms,1992,128.9637645
D5,HDB 5 Rooms,1993,190.8379833
D5,HDB 5 Rooms,1994,242.6746145
D5,HDB 5 Rooms,1995,288.0397267
D5,HDB 5 Rooms,1996,369.7189296
D5,HDB 5 Rooms,1997,371.2816894
D5,HDB 5 Rooms,1998,310.4720614
D5,HDB 5 Rooms,1999,295.9816998
D5,HDB 5 Rooms,2000,316.3268764
D5,HDB 5 Rooms,2001,285.7561344
D5,HDB 5 Rooms,2002,278.2320115
D5,HDB 5 Rooms,2003,282.3415975
D5,HDB 5 Rooms,2004,270.7070068
D5,HDB 5 Rooms,2005,267.1359758
D5,HDB 5 Rooms,2006,283.729404
D5,HDB 5 Rooms,2007,322.7174114
D5,HDB 5 Rooms,2008,387.9178716
D5,HDB 5 Rooms,2009,387.8341932
D5,HDB 5 Rooms,2010,431.1632781
D5,HDB 5 Rooms,2011,479.1442252
D5,HDB 5 Rooms,2012,527.3614963
D5,HDB 5 Rooms,2013,576.4144924
D5,HDB 5 Rooms,2014,537.176745
D5,HDB 5 Rooms,2015,519.6540611
D5,HDB 5 Rooms,2016,557.4575278
D5,HDB 5 Rooms,2017,583.9461766
D5,HDB 5 Rooms,2018,540.297321
D5,HDB 5 Rooms,2019,537.3163392
D5,HDB 5 Rooms,2020,610.4471922
D5,HDB 5 Rooms,2021,609.4924665
D5,HDB 5 Rooms,2022,677.5018277
D5,HDB Executive,1990,122.9304104
D5,HDB Executive,1991,138.6452572
D5,HDB Executive,1992,142.0194921
D5,HDB Executive,1993,205.8361746
D5,HDB Executive,1994,253.7664295
D5,HDB Executive,1995,309.5977892
D5,HDB Executive,1996,370.5678845
D5,HDB Executive,1997,378.798801
D5,HDB Executive,1998,318.2539862
D5,HDB Executive,1999,291.816254
D5,HDB Executive,2000,277.3667966
D5,HDB Executive,2001,292.9803723
D5,HDB Executive,2002,258.9609342
D5,HDB Executive,2003,255.5052653
D5,HDB Executive,2004,250.6980638
D5,HDB Executive,2005,236.9058071
D5,HDB Executive,2006,252.0974163
D5,HDB Executive,2007,299.6697651
D5,HDB Executive,2008,372.8553914
D5,HDB Executive,2009,372.0607772
D5,HDB Executive,2010,410.0833161
D5,HDB Executive,2011,468.743671
D5,HDB Executive,2012,506.0064196
D5,HDB Executive,2013,535.593202
D5,HDB Executive,2014,529.4330122
D5,HDB Executive,2015,506.264551
D5,HDB Executive,2016,503.0909491
D5,HDB Executive,2017,517.8982525
D5,HDB Executive,2018,516.2757878
D5,HDB Executive,2019,498.692853
D5,HDB Executive,2020,488.9001452
D5,HDB Executive,2021,524.7858472
D5,HDB Executive,2022,551.7097392
